"","Row.names","fit$classification","Color_Class","Intensity_Class","Av_Total_Int","Av_Chroma","Av_Adjust_Hue_degrees","X","Sample","Av_Blue_Int_Percent","Av_Green_Int_Percent","Av_Yellow_Int_Percent","Av_Red_Int_Percent","Av.LM","AV_MS","Av_Hue_radians","Av_Hue_degrees","Av_Adjust_Radians","Adjust_Hue_degrees_2SE","Total_Int_2SE","Chroma_2SE","Reverse_Chroma","Geography","Population","plotcolassign"
"1","1","LR","LR","L",16489.3214677036,0.308660316233102,92.7001307392575,NA,NA,NA,NA,NA,NA,NA,NA,NA,NA,NA,NA,NA,NA,NA,NA,NA,"LR"
"2","10","LR","LR","L",16067.7773469396,0.302841830672843,90.6495591372142,NA,NA,NA,NA,NA,NA,NA,NA,NA,NA,NA,NA,NA,NA,NA,NA,NA,"LR"
"3","100","LB","LB","L",12250.8410992433,0.359077284040973,70.5400393031464,NA,NA,NA,NA,NA,NA,NA,NA,NA,NA,NA,NA,NA,NA,NA,NA,NA,"LB"
"4","101","LB","LB","L",14413.8823661981,0.298469549444436,68.5592646615098,NA,NA,NA,NA,NA,NA,NA,NA,NA,NA,NA,NA,NA,NA,NA,NA,NA,"LB"
"5","102","LB","LB","L",13499.3031917714,0.362776435735892,71.2298571734552,NA,NA,NA,NA,NA,NA,NA,NA,NA,NA,NA,NA,NA,NA,NA,NA,NA,"LB"
"6","103","LB","LB","L",14281.6119122165,0.29055111362224,67.1910161886086,NA,NA,NA,NA,NA,NA,NA,NA,NA,NA,NA,NA,NA,NA,NA,NA,NA,"LB"
"7","104","LB","LB","L",14342.340338278,0.30114418554634,67.1930679423354,NA,NA,NA,NA,NA,NA,NA,NA,NA,NA,NA,NA,NA,NA,NA,NA,NA,"LB"
"8","105","LB","LB","L",12185.8524790557,0.356892736156272,69.6343468951988,NA,NA,NA,NA,NA,NA,NA,NA,NA,NA,NA,NA,NA,NA,NA,NA,NA,"LB"
"9","11","LR","LR","L",16226.1848133519,0.335956777756318,91.5714718527755,NA,NA,NA,NA,NA,NA,NA,NA,NA,NA,NA,NA,NA,NA,NA,NA,NA,"LR"
"10","12","DB","DB","D",9689.32825917209,0.530235638338158,78.4824791289437,NA,NA,NA,NA,NA,NA,NA,NA,NA,NA,NA,NA,NA,NA,NA,NA,NA,"DB"
"11","128","DR","DR","D",8709.31758797487,0.684181685130189,96.0817650891977,NA,NA,NA,NA,NA,NA,NA,NA,NA,NA,NA,NA,NA,NA,NA,NA,NA,"DR"
"12","129","DR","DR","D",7424.31531203287,0.621632896162242,93.7144954619843,NA,NA,NA,NA,NA,NA,NA,NA,NA,NA,NA,NA,NA,NA,NA,NA,NA,"DR"
"13","13","DB","DB","D",10300.3812019872,0.47713295965448,75.2718081116268,NA,NA,NA,NA,NA,NA,NA,NA,NA,NA,NA,NA,NA,NA,NA,NA,NA,"DB"
"14","130","DR","DR","D",7140.45268524448,0.794728225901928,96.5438801901517,NA,NA,NA,NA,NA,NA,NA,NA,NA,NA,NA,NA,NA,NA,NA,NA,NA,"DR"
"15","131","DR","DR","D",7150.45894052879,0.738946308797659,97.4289316750331,NA,NA,NA,NA,NA,NA,NA,NA,NA,NA,NA,NA,NA,NA,NA,NA,NA,"DR"
"16","132","DR","DR","D",10021.7017656152,0.630190194191061,97.4512044054741,NA,NA,NA,NA,NA,NA,NA,NA,NA,NA,NA,NA,NA,NA,NA,NA,NA,"DR"
"17","133","DR","DR","D",8642.54541941207,0.642345542500819,97.4924813566095,NA,NA,NA,NA,NA,NA,NA,NA,NA,NA,NA,NA,NA,NA,NA,NA,NA,"DR"
"18","134","DR","DR","D",9228.36166104936,0.649682877272879,96.5469886712194,NA,NA,NA,NA,NA,NA,NA,NA,NA,NA,NA,NA,NA,NA,NA,NA,NA,"DR"
"19","135","DR","DR","D",9149.21342039955,0.639336797432086,97.1068445133282,NA,NA,NA,NA,NA,NA,NA,NA,NA,NA,NA,NA,NA,NA,NA,NA,NA,"DR"
"20","136","DR","DR","D",8195.60482865674,0.712641377298965,97.4770569399754,NA,NA,NA,NA,NA,NA,NA,NA,NA,NA,NA,NA,NA,NA,NA,NA,NA,"DR"
"21","137","DR","DR","D",7961.71280420588,0.701230347363533,94.6472672710771,NA,NA,NA,NA,NA,NA,NA,NA,NA,NA,NA,NA,NA,NA,NA,NA,NA,"DR"
"22","138","DR","DR","D",7502.01614406843,0.725902211401887,95.4103720150876,NA,NA,NA,NA,NA,NA,NA,NA,NA,NA,NA,NA,NA,NA,NA,NA,NA,"DR"
"23","139","DR","DR","D",9076.59145054013,0.682879116748077,94.7444362574049,NA,NA,NA,NA,NA,NA,NA,NA,NA,NA,NA,NA,NA,NA,NA,NA,NA,"DR"
"24","14","LB","LB","L",13643.1684081433,0.323404969696356,71.914999213454,NA,NA,NA,NA,NA,NA,NA,NA,NA,NA,NA,NA,NA,NA,NA,NA,NA,"LB"
"25","140","DR","DR","D",7503.98175915958,0.755129443689969,97.1282418605665,NA,NA,NA,NA,NA,NA,NA,NA,NA,NA,NA,NA,NA,NA,NA,NA,NA,"DR"
"26","141","DR","DR","D",7942.37957209607,0.662021770937156,94.9287916599874,NA,NA,NA,NA,NA,NA,NA,NA,NA,NA,NA,NA,NA,NA,NA,NA,NA,"DR"
"27","142","DR","DR","D",8679.73861672043,0.698355716226196,96.410268126781,NA,NA,NA,NA,NA,NA,NA,NA,NA,NA,NA,NA,NA,NA,NA,NA,NA,"DR"
"28","143","LR","LR","L",15070.1064364092,0.330267625263772,89.6134715344808,NA,NA,NA,NA,NA,NA,NA,NA,NA,NA,NA,NA,NA,NA,NA,NA,NA,"LR"
"29","144","LR","LR","L",15340.0638105952,0.301686970076709,91.5374223746018,NA,NA,NA,NA,NA,NA,NA,NA,NA,NA,NA,NA,NA,NA,NA,NA,NA,"LR"
"30","145","LB","LB","L",15514.1454692718,0.252003239860956,66.6516663935426,NA,NA,NA,NA,NA,NA,NA,NA,NA,NA,NA,NA,NA,NA,NA,NA,NA,"LB"
"31","146","LB","LB","L",14521.3445701377,0.346005857976715,66.7962254405772,NA,NA,NA,NA,NA,NA,NA,NA,NA,NA,NA,NA,NA,NA,NA,NA,NA,"LB"
"32","147","LR","LR","L",13917.7769993208,0.373611974519839,86.956777163305,NA,NA,NA,NA,NA,NA,NA,NA,NA,NA,NA,NA,NA,NA,NA,NA,NA,"LR"
"33","148","LB","LB","L",13592.1788460805,0.29348648980455,65.6860078973987,NA,NA,NA,NA,NA,NA,NA,NA,NA,NA,NA,NA,NA,NA,NA,NA,NA,"LB"
"34","149","LB","LB","L",14337.6968389587,0.312074456311349,68.6488923843628,NA,NA,NA,NA,NA,NA,NA,NA,NA,NA,NA,NA,NA,NA,NA,NA,NA,"LB"
"35","15","LB","LB","L",16179.7686857015,0.247794617548911,69.9981247602918,NA,NA,NA,NA,NA,NA,NA,NA,NA,NA,NA,NA,NA,NA,NA,NA,NA,"LB"
"36","150","LR","LR","L",12322.1657743995,0.403934924595945,92.7943564640123,NA,NA,NA,NA,NA,NA,NA,NA,NA,NA,NA,NA,NA,NA,NA,NA,NA,"LR"
"37","151","LR","LR","L",14840.4838734338,0.350376748713849,90.9026091770542,NA,NA,NA,NA,NA,NA,NA,NA,NA,NA,NA,NA,NA,NA,NA,NA,NA,"LR"
"38","152","DB","DB","D",12197.0919787806,0.392002358985195,70.5037449952251,NA,NA,NA,NA,NA,NA,NA,NA,NA,NA,NA,NA,NA,NA,NA,NA,NA,"DB"
"39","153","DB","DB","D",10294.9120112705,0.46952610503314,74.7414827843137,NA,NA,NA,NA,NA,NA,NA,NA,NA,NA,NA,NA,NA,NA,NA,NA,NA,"DB"
"40","154","DB","DB","D",9577.2639626621,0.54963917893328,79.8948967411133,NA,NA,NA,NA,NA,NA,NA,NA,NA,NA,NA,NA,NA,NA,NA,NA,NA,"DB"
"41","155","LB","LB","L",14205.1503431874,0.318300739423545,69.550174091069,NA,NA,NA,NA,NA,NA,NA,NA,NA,NA,NA,NA,NA,NA,NA,NA,NA,"LB"
"42","156","LB","LB","L",15581.7913672811,0.270303254743857,66.1496890454697,NA,NA,NA,NA,NA,NA,NA,NA,NA,NA,NA,NA,NA,NA,NA,NA,NA,"LB"
"43","157","LR","LR","L",13549.358206806,0.36367132756184,90.9358546868747,NA,NA,NA,NA,NA,NA,NA,NA,NA,NA,NA,NA,NA,NA,NA,NA,NA,"LR"
"44","158","DB","DB","D",11269.3017610638,0.440435216484652,77.1500326762206,NA,NA,NA,NA,NA,NA,NA,NA,NA,NA,NA,NA,NA,NA,NA,NA,NA,"DB"
"45","159","DB","DB","D",11114.4373852708,0.392100774754103,72.0057320781486,NA,NA,NA,NA,NA,NA,NA,NA,NA,NA,NA,NA,NA,NA,NA,NA,NA,"DB"
"46","16","LB","LB","L",13826.2815997669,0.29927844981178,71.6226995513319,NA,NA,NA,NA,NA,NA,NA,NA,NA,NA,NA,NA,NA,NA,NA,NA,NA,"LB"
"47","160","LB","LB","L",13667.4266478366,0.3003243389922,62.6413702368752,NA,NA,NA,NA,NA,NA,NA,NA,NA,NA,NA,NA,NA,NA,NA,NA,NA,"LB"
"48","161","DB","DB","D",10301.3797044632,0.526532261412588,78.1090434477822,NA,NA,NA,NA,NA,NA,NA,NA,NA,NA,NA,NA,NA,NA,NA,NA,NA,"DB"
"49","162","LR","LR","L",14501.7041623288,0.315907059374844,88.9580610688741,NA,NA,NA,NA,NA,NA,NA,NA,NA,NA,NA,NA,NA,NA,NA,NA,NA,"LR"
"50","163","DB","DB","D",10900.8876131739,0.457134793202356,74.0415282872982,NA,NA,NA,NA,NA,NA,NA,NA,NA,NA,NA,NA,NA,NA,NA,NA,NA,"DB"
"51","164","DB","DB","D",10450.3458599445,0.465964725333551,77.5743311811033,NA,NA,NA,NA,NA,NA,NA,NA,NA,NA,NA,NA,NA,NA,NA,NA,NA,"DB"
"52","165","DB","DB","D",10366.0703382992,0.437107436182739,74.1738098901687,NA,NA,NA,NA,NA,NA,NA,NA,NA,NA,NA,NA,NA,NA,NA,NA,NA,"DB"
"53","166","LR","LR","L",15289.648884669,0.291513269988942,88.2104472124244,NA,NA,NA,NA,NA,NA,NA,NA,NA,NA,NA,NA,NA,NA,NA,NA,NA,"LR"
"54","167","DB","DB","D",9328.02284768489,0.561849756893553,83.2111404450672,NA,NA,NA,NA,NA,NA,NA,NA,NA,NA,NA,NA,NA,NA,NA,NA,NA,"DB"
"55","168","LB","LB","L",14710.1904294914,0.294500896396998,67.7504345349188,NA,NA,NA,NA,NA,NA,NA,NA,NA,NA,NA,NA,NA,NA,NA,NA,NA,"LB"
"56","169","LB","LB","L",15142.1919463352,0.251897285145308,68.9363106384923,NA,NA,NA,NA,NA,NA,NA,NA,NA,NA,NA,NA,NA,NA,NA,NA,NA,"LB"
"57","17","LB","LB","L",14544.6376476943,0.282877225895603,69.5576244104702,NA,NA,NA,NA,NA,NA,NA,NA,NA,NA,NA,NA,NA,NA,NA,NA,NA,"LB"
"58","170","LB","LB","L",14388.1323046142,0.283084786084894,66.0828012452625,NA,NA,NA,NA,NA,NA,NA,NA,NA,NA,NA,NA,NA,NA,NA,NA,NA,"LB"
"59","171","DB","DB","D",11390.5659573201,0.405847036339041,72.954916828321,NA,NA,NA,NA,NA,NA,NA,NA,NA,NA,NA,NA,NA,NA,NA,NA,NA,"DB"
"60","172","LB","LB","L",15429.8826529534,0.233986781184528,64.141814543619,NA,NA,NA,NA,NA,NA,NA,NA,NA,NA,NA,NA,NA,NA,NA,NA,NA,"LB"
"61","173","LB","LB","L",13740.147548455,0.287938682025845,65.6991045277225,NA,NA,NA,NA,NA,NA,NA,NA,NA,NA,NA,NA,NA,NA,NA,NA,NA,"LB"
"62","174","LB","LB","L",14459.5897481309,0.271909298616334,61.0927698041709,NA,NA,NA,NA,NA,NA,NA,NA,NA,NA,NA,NA,NA,NA,NA,NA,NA,"LB"
"63","175","LB","LB","L",14349.2744849144,0.263004254700906,66.734028097915,NA,NA,NA,NA,NA,NA,NA,NA,NA,NA,NA,NA,NA,NA,NA,NA,NA,"LB"
"64","176","LB","LB","L",15021.9035841884,0.272154922283536,60.1362160278549,NA,NA,NA,NA,NA,NA,NA,NA,NA,NA,NA,NA,NA,NA,NA,NA,NA,"LB"
"65","177","LB","LB","L",14299.016286834,0.248355056598941,65.7694330461197,NA,NA,NA,NA,NA,NA,NA,NA,NA,NA,NA,NA,NA,NA,NA,NA,NA,"LB"
"66","178","LB","LB","L",14783.5455827547,0.276808875606525,67.4415222215488,NA,NA,NA,NA,NA,NA,NA,NA,NA,NA,NA,NA,NA,NA,NA,NA,NA,"LB"
"67","179","DB","DB","D",10212.7997052505,0.48910245154539,81.9288867675517,NA,NA,NA,NA,NA,NA,NA,NA,NA,NA,NA,NA,NA,NA,NA,NA,NA,"DB"
"68","18","LB","LB","L",16270.3209051444,0.261570925028713,66.9141366828678,NA,NA,NA,NA,NA,NA,NA,NA,NA,NA,NA,NA,NA,NA,NA,NA,NA,"LB"
"69","180","LR","LR","L",14329.1037506833,0.345209264374388,86.9339604259736,NA,NA,NA,NA,NA,NA,NA,NA,NA,NA,NA,NA,NA,NA,NA,NA,NA,"LR"
"70","181","LB","DB","D",12561.9588500095,0.376967219621306,69.4782475339137,NA,NA,NA,NA,NA,NA,NA,NA,NA,NA,NA,NA,NA,NA,NA,NA,NA,"LB"
"71","182","LR","LR","L",14638.7580977447,0.319485280848779,90.6689613596828,NA,NA,NA,NA,NA,NA,NA,NA,NA,NA,NA,NA,NA,NA,NA,NA,NA,"LR"
"72","183","LB","LB","L",14389.4945532351,0.300798970314176,67.8385021334337,NA,NA,NA,NA,NA,NA,NA,NA,NA,NA,NA,NA,NA,NA,NA,NA,NA,"LB"
"73","184","LB","LB","L",14905.9600040817,0.273936895136274,68.6442711632628,NA,NA,NA,NA,NA,NA,NA,NA,NA,NA,NA,NA,NA,NA,NA,NA,NA,"LB"
"74","185","LB","LB","L",13714.6152129952,0.281160026696348,65.6821938132217,NA,NA,NA,NA,NA,NA,NA,NA,NA,NA,NA,NA,NA,NA,NA,NA,NA,"LB"
"75","186","DB","DB","D",10798.2651590927,0.485884181936639,77.9271382993819,NA,NA,NA,NA,NA,NA,NA,NA,NA,NA,NA,NA,NA,NA,NA,NA,NA,"DB"
"76","187","LR","LR","L",15594.1858136286,0.356780197108242,85.5641023746355,NA,NA,NA,NA,NA,NA,NA,NA,NA,NA,NA,NA,NA,NA,NA,NA,NA,"LR"
"77","19","LB","LB","L",14850.7053940584,0.294037298906177,71.5946038860652,NA,NA,NA,NA,NA,NA,NA,NA,NA,NA,NA,NA,NA,NA,NA,NA,NA,"LB"
"78","2","LB","LB","L",13156.1980855591,0.347973807128542,76.3780227068666,NA,NA,NA,NA,NA,NA,NA,NA,NA,NA,NA,NA,NA,NA,NA,NA,NA,"LB"
"79","20","DR","DR","D",9465.59360445967,0.609015784272167,93.8207209935465,NA,NA,NA,NA,NA,NA,NA,NA,NA,NA,NA,NA,NA,NA,NA,NA,NA,"DR"
"80","21","DR","DR","D",8491.2120691494,0.643186253971444,92.9749002319505,NA,NA,NA,NA,NA,NA,NA,NA,NA,NA,NA,NA,NA,NA,NA,NA,NA,"DR"
"81","22","LR","LR","L",15426.7024896908,0.348700016751665,89.8712695134342,NA,NA,NA,NA,NA,NA,NA,NA,NA,NA,NA,NA,NA,NA,NA,NA,NA,"LR"
"82","23","DR","DR","D",10173.3720176524,0.669972429759256,94.9580533280205,NA,NA,NA,NA,NA,NA,NA,NA,NA,NA,NA,NA,NA,NA,NA,NA,NA,"DR"
"83","24","LR","LR","L",14316.8382583885,0.36285096958768,92.0813249629735,NA,NA,NA,NA,NA,NA,NA,NA,NA,NA,NA,NA,NA,NA,NA,NA,NA,"LR"
"84","25","LR","LR","L",12560.8436840971,0.424645552757087,93.7773022496108,NA,NA,NA,NA,NA,NA,NA,NA,NA,NA,NA,NA,NA,NA,NA,NA,NA,"LR"
"85","26","DR","DR","D",7988.37660790431,0.716715442166068,95.4985814091335,NA,NA,NA,NA,NA,NA,NA,NA,NA,NA,NA,NA,NA,NA,NA,NA,NA,"DR"
"86","27","LB","LB","L",13848.2625257318,0.334314492602981,71.493649321637,NA,NA,NA,NA,NA,NA,NA,NA,NA,NA,NA,NA,NA,NA,NA,NA,NA,"LB"
"87","28","DR","DR","D",8205.17445182026,0.716657197409229,95.4819861220121,NA,NA,NA,NA,NA,NA,NA,NA,NA,NA,NA,NA,NA,NA,NA,NA,NA,"DR"
"88","29","DB","DB","D",10989.5195509013,0.433916944667614,73.0498913770453,NA,NA,NA,NA,NA,NA,NA,NA,NA,NA,NA,NA,NA,NA,NA,NA,NA,"DB"
"89","3","DB","DB","D",10168.1235464419,0.514593278012588,80.671898425215,NA,NA,NA,NA,NA,NA,NA,NA,NA,NA,NA,NA,NA,NA,NA,NA,NA,"DB"
"90","30","DR","DR","D",9738.85175041424,0.611716152552314,96.1062530138931,NA,NA,NA,NA,NA,NA,NA,NA,NA,NA,NA,NA,NA,NA,NA,NA,NA,"DR"
"91","31","LR","LR","L",15143.4559808357,0.355260898905501,91.3188851905379,NA,NA,NA,NA,NA,NA,NA,NA,NA,NA,NA,NA,NA,NA,NA,NA,NA,"LR"
"92","32","DR","DR","D",8744.50101471677,0.650864651016018,95.3575263157089,NA,NA,NA,NA,NA,NA,NA,NA,NA,NA,NA,NA,NA,NA,NA,NA,NA,"DR"
"93","33","LR","LR","L",11918.8843394396,0.458520434545125,92.6755702606955,NA,NA,NA,NA,NA,NA,NA,NA,NA,NA,NA,NA,NA,NA,NA,NA,NA,"LR"
"94","34","DR","DR","D",7725.5670423156,0.704284369975787,95.3697735619692,NA,NA,NA,NA,NA,NA,NA,NA,NA,NA,NA,NA,NA,NA,NA,NA,NA,"DR"
"95","35","DR","DR","D",8328.92536521943,0.666435324387012,94.1158191315334,NA,NA,NA,NA,NA,NA,NA,NA,NA,NA,NA,NA,NA,NA,NA,NA,NA,"DR"
"96","36","DB","DB","D",10512.4506747426,0.462423586796344,79.4446074080327,NA,NA,NA,NA,NA,NA,NA,NA,NA,NA,NA,NA,NA,NA,NA,NA,NA,"DB"
"97","37","LR","LR","L",11967.0529495437,0.437532162349708,89.9655832301338,NA,NA,NA,NA,NA,NA,NA,NA,NA,NA,NA,NA,NA,NA,NA,NA,NA,"LR"
"98","38","DR","DR","D",8294.51838032784,0.718071172348805,96.0079268734285,NA,NA,NA,NA,NA,NA,NA,NA,NA,NA,NA,NA,NA,NA,NA,NA,NA,"DR"
"99","39","DR","DR","D",7638.79052169427,0.759343700590512,95.0765082626474,NA,NA,NA,NA,NA,NA,NA,NA,NA,NA,NA,NA,NA,NA,NA,NA,NA,"DR"
"100","4","LR","LR","L",15918.0248491568,0.340914601035572,89.4696055152792,NA,NA,NA,NA,NA,NA,NA,NA,NA,NA,NA,NA,NA,NA,NA,NA,NA,"LR"
"101","40","DR","DR","D",8460.22508325556,0.701689068969645,95.0043547046691,NA,NA,NA,NA,NA,NA,NA,NA,NA,NA,NA,NA,NA,NA,NA,NA,NA,"DR"
"102","41","DR","DR","D",9487.01676290788,0.677096302322636,93.9088466469287,NA,NA,NA,NA,NA,NA,NA,NA,NA,NA,NA,NA,NA,NA,NA,NA,NA,"DR"
"103","42","DR","DR","D",8575.59701660444,0.710940658012562,96.6869142558735,NA,NA,NA,NA,NA,NA,NA,NA,NA,NA,NA,NA,NA,NA,NA,NA,NA,"DR"
"104","43","DR","DR","D",8898.46066834523,0.747087922289358,96.2541612435361,NA,NA,NA,NA,NA,NA,NA,NA,NA,NA,NA,NA,NA,NA,NA,NA,NA,"DR"
"105","44","LB","LB","L",13780.2590093862,0.303779699257494,70.3392798405476,NA,NA,NA,NA,NA,NA,NA,NA,NA,NA,NA,NA,NA,NA,NA,NA,NA,"LB"
"106","45","DB","DB","D",11014.9531359539,0.48424414477415,75.9928525691172,NA,NA,NA,NA,NA,NA,NA,NA,NA,NA,NA,NA,NA,NA,NA,NA,NA,"DB"
"107","46","DB","DB","D",11113.5740699497,0.4511461267889,75.4392795654938,NA,NA,NA,NA,NA,NA,NA,NA,NA,NA,NA,NA,NA,NA,NA,NA,NA,"DB"
"108","47","DB","DB","D",8938.05385603531,0.603502725312582,81.4660564063246,NA,NA,NA,NA,NA,NA,NA,NA,NA,NA,NA,NA,NA,NA,NA,NA,NA,"DB"
"109","48","LB","LB","L",15609.3629317187,0.288362118741997,69.3522587393488,NA,NA,NA,NA,NA,NA,NA,NA,NA,NA,NA,NA,NA,NA,NA,NA,NA,"LB"
"110","49","LR","LR","L",14592.2760973593,0.353013467537969,88.7603487890856,NA,NA,NA,NA,NA,NA,NA,NA,NA,NA,NA,NA,NA,NA,NA,NA,NA,"LR"
"111","5","LB","LB","L",16186.6840773545,0.264033989992882,67.6844417058124,NA,NA,NA,NA,NA,NA,NA,NA,NA,NA,NA,NA,NA,NA,NA,NA,NA,"LB"
"112","50","DB","DB","D",10897.5142418645,0.452999647300984,74.2447949974195,NA,NA,NA,NA,NA,NA,NA,NA,NA,NA,NA,NA,NA,NA,NA,NA,NA,"DB"
"113","51","DB","DB","D",10050.9901863654,0.506629582055889,78.0151417573109,NA,NA,NA,NA,NA,NA,NA,NA,NA,NA,NA,NA,NA,NA,NA,NA,NA,"DB"
"114","52","LB","LB","L",13736.2878007052,0.292602006951245,68.229900713775,NA,NA,NA,NA,NA,NA,NA,NA,NA,NA,NA,NA,NA,NA,NA,NA,NA,"LB"
"115","53","LR","LR","L",15105.7201365609,0.341518542320469,90.2931764547185,NA,NA,NA,NA,NA,NA,NA,NA,NA,NA,NA,NA,NA,NA,NA,NA,NA,"LR"
"116","6","LR","LR","L",14273.1340785269,0.394754520284905,90.3333869619077,NA,NA,NA,NA,NA,NA,NA,NA,NA,NA,NA,NA,NA,NA,NA,NA,NA,"LR"
"117","7","LR","LR","L",15782.4291994482,0.308037222990165,92.3112601913399,NA,NA,NA,NA,NA,NA,NA,NA,NA,NA,NA,NA,NA,NA,NA,NA,NA,"LR"
"118","8","LR","LR","L",16366.5353894153,0.325414338024243,92.7197953671747,NA,NA,NA,NA,NA,NA,NA,NA,NA,NA,NA,NA,NA,NA,NA,NA,NA,"LR"
"119","85","DR","DR","D",5848.38108954917,0.734066608588789,96.7967880733893,NA,NA,NA,NA,NA,NA,NA,NA,NA,NA,NA,NA,NA,NA,NA,NA,NA,"DR"
"120","86","DR","DR","D",7029.53870714762,0.795542989721397,97.3400838127502,NA,NA,NA,NA,NA,NA,NA,NA,NA,NA,NA,NA,NA,NA,NA,NA,NA,"DR"
"121","87","DR","DR","D",8550.4582437902,0.715143972102626,97.7434958840152,NA,NA,NA,NA,NA,NA,NA,NA,NA,NA,NA,NA,NA,NA,NA,NA,NA,"DR"
"122","88","DR","DR","D",7498.00579978882,0.748761420894888,97.9092024932816,NA,NA,NA,NA,NA,NA,NA,NA,NA,NA,NA,NA,NA,NA,NA,NA,NA,"DR"
"123","89","DB","DB","D",9116.80154809473,0.514634895394753,81.4864382838842,NA,NA,NA,NA,NA,NA,NA,NA,NA,NA,NA,NA,NA,NA,NA,NA,NA,"DB"
"124","9","LB","LB","L",14832.8013961515,0.293716308610974,70.140617618592,NA,NA,NA,NA,NA,NA,NA,NA,NA,NA,NA,NA,NA,NA,NA,NA,NA,"LB"
"125","90","LR","LB","L",11557.7032118864,0.4221464720373,92.217929454338,NA,NA,NA,NA,NA,NA,NA,NA,NA,NA,NA,NA,NA,NA,NA,NA,NA,"LR"
"126","91","LB","LB","L",13244.6234249788,0.31581197415479,71.5620340640938,NA,NA,NA,NA,NA,NA,NA,NA,NA,NA,NA,NA,NA,NA,NA,NA,NA,"LB"
"127","92","LR","LR","L",13256.8900953576,0.402712419329447,92.0519556014852,NA,NA,NA,NA,NA,NA,NA,NA,NA,NA,NA,NA,NA,NA,NA,NA,NA,"LR"
"128","93","LR","LR","L",12396.5025745017,0.422440557849671,90.2763273426069,NA,NA,NA,NA,NA,NA,NA,NA,NA,NA,NA,NA,NA,NA,NA,NA,NA,"LR"
"129","94","LB","LB","L",12542.4419996003,0.333296615585675,69.3647435542365,NA,NA,NA,NA,NA,NA,NA,NA,NA,NA,NA,NA,NA,NA,NA,NA,NA,"LB"
"130","95","LR","LR","L",11872.2973177093,0.386288112405745,94.7376649281905,NA,NA,NA,NA,NA,NA,NA,NA,NA,NA,NA,NA,NA,NA,NA,NA,NA,"LR"
"131","96","LB","LB","L",12748.0563617176,0.343731339373084,73.7892193022473,NA,NA,NA,NA,NA,NA,NA,NA,NA,NA,NA,NA,NA,NA,NA,NA,NA,"LB"
"132","97","LB","LB","L",12800.2937674631,0.349234932828881,74.185364000707,NA,NA,NA,NA,NA,NA,NA,NA,NA,NA,NA,NA,NA,NA,NA,NA,NA,"LB"
"133","98","LB","LB","L",13142.1987426785,0.330179380454122,74.7221059238002,NA,NA,NA,NA,NA,NA,NA,NA,NA,NA,NA,NA,NA,NA,NA,NA,NA,"LB"
"134","99","LB","LB","L",16061.9473765276,0.261911204349081,63.1091820526605,NA,NA,NA,NA,NA,NA,NA,NA,NA,NA,NA,NA,NA,NA,NA,NA,NA,"LB"
"135",NA,NA,"DR_Sym","D",7330.80869021281,0.752699428143351,96.386270373256,"./656a_11_01_Intensity_Chroma_Hue.txt","./656a_11_01_Intensity_Chroma_Hue.txt",0.0539907116259769,0.0301739443860392,0.137631106948305,0.778204237039679,0.748030292653639,0.0836403953223284,0.111461444935885,6.38627037325604,1.68293487953304,0.155231977870656,177.133401143629,0.0153422875852891,0.247300571856649,"Sym","656a","6"
"136",NA,NA,"DR_Sym","D",8489.55621353083,0.66540973838739,96.207309473015,"./656a_14_31_Intensity_Chroma_Hue.txt","./656a_14_31_Intensity_Chroma_Hue.txt",0.0954435135689465,0.0378214620100948,0.167548975553817,0.699186048867141,0.661364586857047,0.0721054619848707,0.108337987994345,6.20730947301497,1.67981016540185,0.675214957197671,302.902665215217,0.0086938258391321,0.33459026161261,"Sym","656a","6"
"137",NA,NA,"DR_Sym","D",8668.49465492787,0.684440539159281,97.576120418194,"./656a_28_30_Intensity_Chroma_Hue.txt","./656a_28_30_Intensity_Chroma_Hue.txt",0.0816010411615953,0.0340473547360297,0.17184615016343,0.712505453938945,0.678458099202915,0.0902451090018349,0.132228245825055,7.57612041819402,1.70371003904783,0.154122512940214,160.569286250841,0.0083914252095669,0.315559460840719,"Sym","656a","6"
"138",NA,NA,"DR_Sym","D",8676.0967112009,0.69644150093197,97.0582026797924,"./656a_30_30_Intensity_Chroma_Hue.txt","./656a_30_30_Intensity_Chroma_Hue.txt",0.0818572313412489,0.0297577561588369,0.167470308251262,0.720914704248652,0.691156948089815,0.0856130769100137,0.123188876035464,7.05820267979237,1.69466703091701,0.0893963659131865,293.941478529156,0.0126916974484835,0.30355849906803,"Sym","656a","6"
"139",NA,NA,"DR_Sym","D",9988.57449871864,0.620426219730752,96.1308117815992,"./667_03_01_Intensity_Chroma_Hue.txt","./667_03_01_Intensity_Chroma_Hue.txt",0.111126923279917,0.0473092373902214,0.177377714956624,0.664186124373238,0.616876886983016,0.0662507916767075,0.107002851408965,6.13081178159917,1.67847449142475,0.0865602221576123,334.030625098012,0.013105731037284,0.379573780269248,"Sym","667","6"
"140",NA,NA,"DR_Sym","D",8338.9116992839,0.73494349104986,95.7354546448527,"./667_04_04_Intensity_Chroma_Hue.txt","./667_04_04_Intensity_Chroma_Hue.txt",0.0710987371752715,0.0265560136234586,0.144532726788434,0.757812522412836,0.731256508789378,0.073433989613162,0.100102567651481,5.73545464485267,1.67157143030695,0.171591218716807,283.185611950586,0.00957407379629792,0.26505650895014,"Sym","667","6"
"141",NA,NA,"DR_Sym","D",8039.50210328984,0.773664401754388,96.5744423076226,"./667_08_04_Intensity_Chroma_Hue.txt","./667_08_04_Intensity_Chroma_Hue.txt",0.0500667664510282,0.0213707024884305,0.138614223319903,0.789948307740638,0.768577605252208,0.0885474568688748,0.114745664750428,6.5744423076226,1.6862204212442,0.0939555454612352,161.13948738549,0.00937226046040141,0.226335598245612,"Sym","667","6"
"142",NA,NA,"DR_Sym","D",8223.47305430122,0.684671580514941,96.0645766198072,"./667_6_2_Intensity_Chroma_Hue.txt","./667_6_2_Intensity_Chroma_Hue.txt",0.088236190231216,0.0351803054851111,0.160565400922548,0.716018103361125,0.680837797876014,0.072329210691332,0.105846829755104,6.0645766198072,1.67731800447282,0.0960124808915336,254.349439864999,0.0187191982279902,0.315328419485059,"Sym","667","6"
"143",NA,NA,"DR_Sym","D",7783.09257026759,0.750737700709749,98.015547847465,"./680a_03_01_Intensity_Chroma_Hue.txt","./680a_03_01_Intensity_Chroma_Hue.txt",0.0527882798053389,0.0231906668606131,0.157428253762843,0.766592799571205,0.743402132710592,0.104639973957504,0.139897701289408,8.01554784746495,1.71138258146367,0.15047674164684,199.718424140368,0.00787524174541898,0.249262299290251,"Sym","680a","6"
"144",NA,NA,"DR_Sym","D",7017.5803179357,0.811488262601998,96.2995824654584,"./680a_06_09_Intensity_Chroma_Hue.txt","./680a_06_09_Intensity_Chroma_Hue.txt",0.0348005849296694,0.0174743253445808,0.123664344028008,0.824060745697742,0.806586420353161,0.0888637590983382,0.109948455523151,6.29958246545841,1.68142128114292,0.248475999593068,188.454195317434,0.0165988060041788,0.188511737398002,"Sym","680a","6"
"145",NA,NA,"DR_Sym","D",7152.51018334198,0.752242111184665,97.5023644764973,"./680a_08_01_Intensity_Chroma_Hue.txt","./680a_08_01_Intensity_Chroma_Hue.txt",0.0472878207555182,0.0307394111757722,0.145431202507969,0.77654156556074,0.745802154384968,0.098143381752451,0.130940961799538,7.50236447649728,1.70242223689122,0.180227483776784,160.787803425591,0.0111319851122081,0.247757888815335,"Sym","680a","6"
"146",NA,NA,"DR_Sym","D",8734.99776146987,0.744336700141255,97.9556834055711,"./680a_09_01_Intensity_Chroma_Hue.txt","./680a_09_01_Intensity_Chroma_Hue.txt",0.0571907492342112,0.0227349640814281,0.160167782249618,0.759906504434743,0.737171540353315,0.102977033015407,0.13885286967349,7.95568340557107,1.71033732930362,0.153427891549786,374.24304472482,0.011853585948381,0.255663299858745,"Sym","680a","6"
"147",NA,NA,"DR_Sym","D",9068.29876273576,0.646653890005307,97.0547503657836,"./680a_10_01_Intensity_Chroma_Hue.txt","./680a_10_01_Intensity_Chroma_Hue.txt",0.0958699060145874,0.0435213592515405,0.17536336821477,0.685245366519102,0.641724007267562,0.0794934622001824,0.123128621789198,7.05475036578357,1.69460675241844,0.304036744952469,253.845449411483,0.0182020709325392,0.353346109994693,"Sym","680a","6"
"148",NA,NA,"DR_Sym","D",7926.55868702934,0.736288546121549,97.1143961678253,"./680a_10_03_Intensity_Chroma_Hue.txt","./680a_10_03_Intensity_Chroma_Hue.txt",0.0555672663341548,0.0335530025065214,0.14670857054845,0.764171160610874,0.730618158104352,0.0911413042142951,0.124169637419818,7.11439616782528,1.69564818705727,0.157572046835879,210.098718411533,0.0250236459026968,0.263711453878451,"Sym","680a","6"
"149",NA,NA,"DR_Sym","D",8341.51182832024,0.715916727660108,97.8109072941092,"./680a_12_02_Intensity_Chroma_Hue.txt","./680a_12_02_Intensity_Chroma_Hue.txt",0.0675698866195673,0.0291537603662952,0.16485176957852,0.738424583435617,0.709270823069322,0.0972818829589531,0.136326049850246,7.8109072941092,1.70780949243683,0.135502224903041,101.450355780224,0.00598173975973754,0.284083272339892,"Sym","680a","6"
"150",NA,NA,"LB_Allo","L",12744.5781390141,0.305120287544934,67.8471998486778,"./702d_05_B_Intensity_Chroma_Hue.txt","./702d_05_B_Intensity_Chroma_Hue.txt",0.270499668771285,0.14561554063427,0.15566807668839,0.428216713906055,0.282601173271785,-0.114831592082894,5.89654600600272,337.847199848678,1.18463364815152,0.785140438916782,813.468021422554,0.00933370078055559,0.694879712455066,"Allopatry","702d","1"
"151",NA,NA,"LB_Allo","L",13475.8741051918,0.293661410223482,66.0590584038468,"./702d_06_A_Intensity_Chroma_Hue.txt","./702d_06_A_Intensity_Chroma_Hue.txt",0.272954541211463,0.152406822400843,0.15386551345275,0.420773122934945,0.268366300534102,-0.119089027758714,5.86533705029905,336.059058403847,1.15341213086082,0.688218841356278,429.254215547688,0.0048887844044708,0.706338589776518,"Allopatry","702d","1"
"152",NA,NA,"LB_Allo","L",16169.2803808302,0.25764346914177,64.646312116176,"./702d_07_B_Intensity_Chroma_Hue.txt","./702d_07_B_Intensity_Chroma_Hue.txt",0.277866650396652,0.160763702773532,0.167740515903484,0.393629130926332,0.2328654281528,-0.110126134493167,5.84067997608387,334.646312116176,1.1287451321872,0.678111604654601,372.912015314392,0.0134098612353195,0.74235653085823,"Allopatry","702d","1"
"153",NA,NA,"LB_Allo","L",16239.5407767789,0.250722849914742,64.3574896725886,"./702d_08_A_Intensity_Chroma_Hue.txt","./702d_08_A_Intensity_Chroma_Hue.txt",0.27619191485811,0.164911647743466,0.167907657590877,0.390988779807548,0.226077132064081,-0.108284257267233,5.83563907348961,334.357489672589,1.1237022006325,0.697612887560419,635.71150424638,0.00852492111094248,0.749277150085258,"Allopatry","703b","1"
"154",NA,NA,"LB_Allo","L",NA,NA,NA,"./703b_03_C_Intensity_Chroma_Hue.txt","./703b_03_C_Intensity_Chroma_Hue.txt",NA,NA,NA,NA,NA,NA,NA,NA,NA,NA,NA,NA,NA,"Allopatry","703b","1"
"155",NA,NA,"LB_Allo","L",14807.0983846488,0.294339433777531,69.0243348796142,"./703b_21_B_Intensity_Chroma_Hue.txt","./703b_21_B_Intensity_Chroma_Hue.txt",0.26511168867101,0.150029526416677,0.159986590301074,0.424872194611239,0.274842668194561,-0.105125098369936,5.91709088803312,339.024334879614,1.20518679948533,0.790126759641054,497.95812704411,0.00947375827059994,0.705660566222469,"Allopatry","703b","1"
"156",NA,NA,"LB_Allo","L",11043.3226048345,0.393516592186506,70.6523192233268,"./704b_09_A_Intensity_Chroma_Hue.txt","./704b_09_A_Intensity_Chroma_Hue.txt",0.264799839908049,0.11463211826736,0.134641468400708,0.485926573423882,0.371294455156522,-0.130158371507341,5.94550457500182,340.652319223327,1.23361192294698,0.652172943292731,146.373692158705,0.00976588529477447,0.606483407813494,"Allopatry","704b","1"
"157",NA,NA,"LB_Allo","L",12087.1762478263,0.351610995553129,69.3089368430696,"./704b_10_B_Intensity_Chroma_Hue.txt","./704b_10_B_Intensity_Chroma_Hue.txt",0.263872678956379,0.13360636711847,0.139950805889421,0.46257014803573,0.328963780917259,-0.123921873066958,5.92205812935306,339.30893684307,1.21015604011709,0.736823296234647,305.18491643165,0.0113185308634386,0.648389004446871,"Allopatry","704b","1"
"158",NA,NA,"LB_Allo","L",15322.7778501331,0.24098746033519,65.5011257634607,"./704b_12_A_Intensity_Chroma_Hue.txt","./704b_12_A_Intensity_Chroma_Hue.txt",0.268419218307934,0.171912075887528,0.168523971442427,0.391144734362111,0.219232658474583,-0.0998952468655064,5.85559928871996,335.501125763461,1.1436704498382,0.818259354273257,548.592506832487,0.00694254113962095,0.75901253966481,"Allo","704b","1"
"159",NA,NA,"LB_Allo","L",14548.1775257206,0.367689696582163,69.1527271117706,"./704b_21_A_Intensity_Chroma_Hue.txt","./704b_21_A_Intensity_Chroma_Hue.txt",0.268817299032955,0.124546869587287,0.138394464404891,0.468241366974868,0.343694497387581,-0.130422834628065,5.91933175521824,339.152727111771,1.20742856861822,0.724858508765508,633.871413119139,0.0132565321419997,0.632310303417837,"Allo","704b","1"
"160",NA,NA,"LB_Allo","L",13653.5989959885,0.33764898118819,69.2704541162325,"./704b_22_C_Intensity_Chroma_Hue.txt","./704b_22_C_Intensity_Chroma_Hue.txt",0.269470453271877,0.131943208869879,0.150778237696911,0.447808100161333,0.315864891291454,-0.118692215574966,5.9213864790646,339.270454116232,1.20948411948977,1.29065828024478,291.478904600737,0.0138779192751455,0.66235101881181,"Allo","704b","1"
"161",NA,NA,"LB_Allo","L",16131.2321411054,0.351995559633863,72.52141002431,"./706b_09_C_Intensity_Chroma_Hue.txt","./706b_09_C_Intensity_Chroma_Hue.txt",0.25046746828729,0.134235990401841,0.145263295488383,0.470033245822485,0.335797255420645,-0.105204172798907,5.97812636349772,342.52141002431,1.2662468416943,0.851788435022404,441.588347314016,0.0138905492584884,0.648004440366137,"Allopatry","706b","1"
"162",NA,NA,"LB_Allo","L",14398.0166109175,0.317931139459993,70.9114980916208,"./706b_10_C_Intensity_Chroma_Hue.txt","./706b_10_C_Intensity_Chroma_Hue.txt",0.256400854562422,0.145234983722346,0.1526854220284,0.445678739686832,0.300443755964487,-0.103715432534021,5.95002809960515,340.911498091621,1.23813726826639,0.825109747519506,466.305693155206,0.00820983819258256,0.682068860540007,"Allo","706b","1"
"163",NA,NA,"LB_Allo","L",14293.7246252761,0.317844375575979,68.3338062502342,"./706b_13_B_Intensity_Chroma_Hue.txt","./706b_13_B_Intensity_Chroma_Hue.txt",0.264879267279328,0.1456327716766,0.148289907701709,0.441198053342362,0.295565281665762,-0.116589359577619,5.90503888987116,338.333806250234,1.19312995040091,0.985623387824969,597.526670400059,0.0192860101031044,0.682155624424021,"Allo","706b","1"
"164",NA,NA,"LB_Allo","L",13186.9448464715,0.334143198352021,76.0365765811775,"./706b_19_B_Intensity_Chroma_Hue.txt","./706b_19_B_Intensity_Chroma_Hue.txt",0.234694052655039,0.143453493612446,0.154145893041754,0.46770656069076,0.324253067078314,-0.0805481596132848,6.03947759367105,346.036576581177,1.3276227657031,0.478432197434889,454.726312065732,0.00860665356478006,0.665856801647979,"Allopatry","706b","1"
"165",NA,NA,"LB_Allo","L",15872.5462078972,0.349209604295471,71.179648362694,"./706b_21_C_Intensity_Chroma_Hue.txt","./706b_21_C_Intensity_Chroma_Hue.txt",0.246941211843087,0.144040948440137,0.134444878144494,0.474572961572283,0.330532013132146,-0.112496333698593,5.95470820472549,341.179648362694,1.2428192571264,0.631573001850762,349.325426368744,0.00776196782473719,0.650790395704529,"Allo","706b","1"
"166",NA,NA,"LB_Allo","L",11402.9821238024,0.36811436486657,72.0541603918598,"./777_23_C_Intensity_Chroma_Hue.txt","./777_23_C_Intensity_Chroma_Hue.txt",0.240804445361598,0.140762836092262,0.127458486635643,0.490974231910496,0.350211395818234,-0.113345958725955,5.96997131898273,342.05416039186,1.2580885147785,0.348286246162244,236.911871818271,0.00608059696978481,0.63188563513343,"Allopatry","777","1"
"167",NA,NA,"LB_Allo","L",13659.0281088636,0.339361731985867,70.023567459902,"./777_25_C_Intensity_Chroma_Hue.txt","./777_25_C_Intensity_Chroma_Hue.txt",0.248902912377974,0.149525938570625,0.133091350212859,0.468479798838542,0.318953860267917,-0.115811562165114,5.93453078655234,340.023567459902,1.22263371755384,0.478861637807009,311.979052863252,0.00643751773760059,0.660638268014133,"Allopatry","777","1"
"168",NA,NA,"LB_Allo","L",13117.8912743826,0.345297364201842,69.7000208834357,"./777_26_A_Intensity_Chroma_Hue.txt","./777_26_A_Intensity_Chroma_Hue.txt",0.246500040136914,0.151177240395688,0.127293947816162,0.475028771651236,0.323851531255548,-0.119206092320752,5.92888383350945,339.700020883436,1.21698449161554,1.19283622975388,416.847285101127,0.011391002869506,0.654702635798158,"Allopatry","777","1"
"169",NA,NA,"LB_Allo","L",14124.7363073881,0.279963499305975,69.8996404228665,"./777_30_B_Intensity_Chroma_Hue.txt","./777_30_B_Intensity_Chroma_Hue.txt",0.257175383755886,0.159381447248025,0.161132035021431,0.422311133974658,0.262929686726633,-0.0960433487344553,5.93236785172383,339.899640422867,1.22046991214529,0.6049492406377,320.07543460536,0.0072420891971287,0.720036500694025,"Allopatry","777","1"
"170",NA,NA,"LB_Allo","L",14844.2215598109,0.270966600148251,66.8077976901225,"./778_01_B_Intensity_Chroma_Hue.txt","./778_01_B_Intensity_Chroma_Hue.txt",0.258038016229442,0.170183762342479,0.152304331612962,0.419473889815117,0.249290127472639,-0.105733684616481,5.87840501608359,336.807797690123,1.1664853564942,1.26657785910054,278.469300475821,0.0167587158128122,0.729033399851749,"Allopatry","778","1"
"171",NA,NA,"LB_Allo","L",13726.8696217945,0.306942670782308,68.7337820330358,"./778_03_A_Intensity_Chroma_Hue.txt","./778_03_A_Intensity_Chroma_Hue.txt",0.251858322797071,0.160656818260883,0.140794484744223,0.446690374197823,0.28603355593694,-0.111063838052848,5.91201978420929,338.733782033036,1.20011365454507,0.900570435110336,386.289597939702,0.00889881120782465,0.693057329217692,"Allo","778","1"
"172",NA,NA,"LB_Allo","L",13593.2530613388,0.306506826500955,66.5046797180448,"./778_09_C_Intensity_Chroma_Hue.txt","./778_09_C_Intensity_Chroma_Hue.txt",0.261384944767438,0.159163339359366,0.139215412206849,0.440236303666347,0.28107296430698,-0.122169532560589,5.87311460944887,336.504679718045,1.1611928204738,0.491829660408549,280.846959911262,0.00422706340583427,0.693493173499045,"Allo","778","1"
"173",NA,NA,"LB_Allo","L",13913.1337140486,0.330082390094992,67.222569752361,"./778_11_C_Intensity_Chroma_Hue.txt","./778_11_C_Intensity_Chroma_Hue.txt",0.258571290370081,0.152827871840521,0.131413139710982,0.457187698078416,0.304359826237895,-0.127158150659099,5.88564415421494,337.222569752361,1.17372740837456,1.283793654188,506.049753354724,0.0121155718464816,0.669917609905008,"Allo","778","1"
"174",NA,NA,"LB_Allo","L",14451.6677232883,0.318643065744504,67.3073507484869,"./778_15_A_Intensity_Chroma_Hue.txt","./778_15_A_Intensity_Chroma_Hue.txt",0.260426925824629,0.153897917366613,0.137775995912986,0.447899160895771,0.294001243529158,-0.122650929911643,5.88712386174045,337.307350748487,1.17520771148152,0.685636039307974,310.332378363788,0.00660827180576694,0.681356934255496,"Allopatry","778","1"
"175",NA,NA,"LB_Allo","L",12395.8464533291,0.382979122520003,71.6155462947715,"./785_05_A_Intensity_Chroma_Hue.txt","./785_05_A_Intensity_Chroma_Hue.txt",0.255248473945684,0.123280297207622,0.134752925342803,0.486718303503891,0.363438006296269,-0.120495548602881,5.96231605884288,341.615546294771,1.25043017340077,0.740852482250333,845.41084232711,0.0117117905724756,0.617020877479997,"Allo","785","1"
"176",NA,NA,"LB_Allo","L",13593.6510181241,0.320436430116373,70.5220130353061,"./785_09_Intensity_Chroma_Hue.txt","./785_09_Intensity_Chroma_Hue.txt",0.25880654116283,0.143326236837423,0.152366616586119,0.445500605413627,0.302174368576204,-0.106439924576711,5.94323030298514,340.522013035306,1.23133673553709,0.687922806436778,458.766521767254,0.0170390089758765,0.679563569883627,"Allo","785","1"
"177",NA,NA,"LB_Allo","L",11538.3717614668,0.406347209566348,73.2624688569636,"./785_12_B_Intensity_Chroma_Hue.txt","./785_12_B_Intensity_Chroma_Hue.txt",0.247652368049828,0.116214406361554,0.13079189059053,0.505341334998087,0.389126928636532,-0.116860477459298,5.99106028007851,343.262468856964,1.27918596416921,0.548670164441036,239.369106210265,0.0080354230784365,0.593652790433652,"Allo","785","1"
"178",NA,NA,"LB_Allo","L",12840.71269107,0.331590204959775,68.2056747462426,"./785_13_B_Intensity_Chroma_Hue.txt","./785_13_B_Intensity_Chroma_Hue.txt",0.262284658213066,0.145146362196665,0.139501175435832,0.453067804154437,0.307921441957773,-0.122783482777235,5.90280257325097,338.205674746243,1.19089273366455,0.810038526566403,415.696055787671,0.00949373764641992,0.668409795040225,"Allopatry","785","1"
"179",NA,NA,"LB_Allo","L",14251.7050191435,0.280116047691763,67.5344870107933,"./785_14_A_Intensity_Chroma_Hue.txt","./785_14_A_Intensity_Chroma_Hue.txt",0.259395894912899,0.164312017290325,0.153025759096536,0.42326632870024,0.258954311409915,-0.106370135816363,5.89108813736838,337.534487010793,1.17917358272814,1.18386409719747,548.35847938194,0.0140475939616801,0.719883952308237,"Allopatry","785","1"
"180",NA,NA,"DR_Sym","D",7373.4137012183,0.816756457888339,96.875401418389,"./802_11_B_Intensity_Chroma_Hue.txt","./802_11_B_Intensity_Chroma_Hue.txt",0.0338718442871893,0.0118905827467513,0.13146222682976,0.822775346136299,0.810884763389547,0.097590382542571,0.119998392147175,6.87540141838895,1.69147526286076,0.243567117394199,212.973204575255,0.0178245793203012,0.183243542111661,"Sym","802","6"
"181",NA,NA,"DR_Sym","D",5739.15062256873,0.859390151759063,95.6087942589619,"./802_12_C_Intensity_Chroma_Hue.txt","./802_12_C_Intensity_Chroma_Hue.txt",0.0194381166799212,0.0110274137795696,0.103249069939917,0.866285399600592,0.855257985821023,0.0838109532599954,0.0978919268858398,5.60879425896186,1.66935989975965,0.31488715398256,164.776380573024,0.0131277432775646,0.140609848240937,"Sym","802","6"
"182",NA,NA,"DR_Sym","D",6676.08222449021,0.806830490573348,95.2765957437322,"./802_14_A_Intensity_Chroma_Hue.txt","./802_14_A_Intensity_Chroma_Hue.txt",0.0444579966751441,0.0167715872988487,0.118652618893548,0.82011779713246,0.803346209833611,0.0741946222184035,0.0920939690248452,5.27659574373217,1.6635596082239,0.437689780350433,242.891096878833,0.0123508626125338,0.193169509426652,"Sym","802","6"
"183",NA,NA,"DR_Sym","D",8101.26406192388,0.715716545063262,96.9196077307925,"./831_16_Intensity_Chroma_Hue.txt","./831_16_Intensity_Chroma_Hue.txt",0.0663793381563019,0.0353054407510022,0.152515415766231,0.745799805326465,0.710494364575463,0.0861360776099291,0.120769937848782,6.91960773079248,1.69224711910907,0.260664830037111,372.111613387718,0.0192463571703523,0.284283454936738,"Sym","831","6"
"184",NA,NA,"DR_Sym","D",8734.51080247571,0.689198126433754,96.7138456215297,"./831_17_Intensity_Chroma_Hue.txt","./831_17_Intensity_Chroma_Hue.txt",0.0896391809381631,0.0278286160100147,0.170242807591358,0.712289395460464,0.68446077945045,0.0806036266531948,0.117178711566298,6.71384562152971,1.68865444736004,0.162414836984129,418.525996665245,0.0174374897510619,0.310801873566246,"Sym","831","6"
"185",NA,NA,"DR_Sym","D",7621.56602809668,0.689092748388545,96.2114015614383,"./831_19_Intensity_Chroma_Hue.txt","./831_19_Intensity_Chroma_Hue.txt",0.0844087822704298,0.03579940421556,0.158952474703527,0.720839338810483,0.685039934594923,0.074543692433097,0.108409408410616,6.21140156143833,1.6798816145648,0.17416995189412,222.333864290531,0.0167690195259063,0.310907251611455,"Sym","831","6"
"186",NA,NA,"DR_Sym","D",8659.48801209259,0.698462974541425,97.307130416027,"./831_21_Intensity_Chroma_Hue.txt","./831_21_Intensity_Chroma_Hue.txt",0.0784094105627781,0.0308021611086069,0.167194545775656,0.72359388255296,0.692791721444353,0.0887851352128773,0.127533484632295,7.30713041602705,1.69901338821635,0.134577297424203,168.877600174732,0.0124996422330497,0.301537025458575,"Sym","831","6"
"187",NA,NA,"DR_Sym","D",7363.85518745368,0.700562778965851,96.8786717947378,"./831_22_Intensity_Chroma_Hue.txt","./831_22_Intensity_Chroma_Hue.txt",0.0690143069498185,0.0413344336554735,0.152801939928868,0.73684931946584,0.695514885810366,0.0837876329790495,0.120055470982242,6.8786717947378,1.69153236467003,0.25613333590937,397.256104679336,0.0208689162934563,0.299437221034149,"Sym","831","6"
