Individual	population	region	lat	long	CollectionYear	Int	Color	Qual_Int	Qual_Hue	Quant_Int_Bright	Quant_Chroma
01_01_06	2020_01	North_admix	30.06752	-97.21527	2020	L	R	1	2	16489.3215	0.30866032
01_06_03	2020_01	North_admix	30.06752	-97.21527	2020	D	B	2	1	10168.1235	0.51459328
01_08_42	2020_01	North_admix	30.06752	-97.21527	2020	L	B	1	1	16186.6841	0.26403399
01_09_05	2020_01	North_admix	30.06752	-97.21527	2020	L	R	1	2	14273.1341	0.39475452
01_11_03	2020_01	North_admix	30.06752	-97.21527	2020	L	R	1	2	15782.4292	0.30803722
01_15_04	2020_01	North_admix	30.06752	-97.21527	2020	L	R	1	2	16366.5354	0.32541434
01_20_05	2020_01	North_admix	30.06752	-97.21527	2020	L	R	1	2	16226.1848	0.33595678
02_02_30	2020_02	North_admix	30.13561	-97.37201	2020	D	B	2	1	9689.32826	0.53023564
02_04_36	2020_02	North_admix	30.13561	-97.37201	2020	D	B	2	1	10300.3812	0.47713296
02_05_06	2020_02	North_admix	30.13561	-97.37201	2020	L	B	1	1	13643.1684	0.32340497
02_12_31	2020_02	North_admix	30.13561	-97.37201	2020	L	B	1	1	16179.76869	0.247794618
02_13_05	2020_02	North_admix	30.13561	-97.37201	2020	L	B	1	1	13826.2816	0.29927845
02_14_03	2020_02	North_admix	30.13561	-97.37201	2020	L	B	1	1	14544.63765	0.282877226
02_15_01	2020_02	North_admix	30.13561	-97.37201	2020	L	B	1	1	16270.32091	0.261570925
02_16_03	2020_02	North_admix	30.13561	-97.37201	2020	L	B	1	1	14850.7054	0.2940373
03_07_30	2020_03	North_admix	30.0665	-97.3526	2020	L	R	1	2	15426.7025	0.34870002
03_09_04	2020_03	North_admix	30.0665	-97.3526	2020	D	R	2	2	10173.372	0.66997243
03_10_41	2020_03	North_admix	30.0665	-97.3526	2020	L	R	1	2	14316.8383	0.36285097
03_14_30	2020_03	North_admix	30.0665	-97.3526	2020	D	R	2	2	7988.37661	0.71671544
03_19_21	2020_03	North_admix	30.0665	-97.3526	2020	L	B	1	1	13848.2625	0.33431449
07_01_03	2020_07	North_admix	30.05097	-97.23811	2020	D	R	2	2	8205.17445	0.7166572
07_02_01	2020_07	North_admix	30.05097	-97.23811	2020	D	B	2	1	10989.5196	0.43391694
07_05_01	2020_07	North_admix	30.05097	-97.23811	2020	L	R	1	2	15143.456	0.3552609
07_07_21	2020_07	North_admix	30.05097	-97.23811	2020	D	R	2	2	8744.50101	0.65086465
07_09_02	2020_07	North_admix	30.05097	-97.23811	2020	D	R	2	2	7725.56704	0.70428437
07_11_01	2020_07	North_admix	30.05097	-97.23811	2020	D	R	2	2	8328.92537	0.66643532
07_15_36	2020_07	North_admix	30.05097	-97.23811	2020	D	B	2	1	10512.4507	0.46242359
08_01_30	2020_08	North_admix	30.0665	-97.3526	2020	D	R	2	2	8294.51838	0.71807117
08_03_03	2020_08	North_admix	30.0665	-97.3526	2020	D	R	2	2	NA	NA
08_04_20	2020_08	North_admix	30.0665	-97.3526	2020	D	R	2	2	8460.22508	0.70168907
08_11_40	2020_08	North_admix	30.0665	-97.3526	2020	D	R	2	2	8575.59702	0.71094066
09_06_09	2020_09	North_admix	30.16084	-97.3907	2020	D	B	2	1	11014.9531	0.48424414
09_07_22	2020_09	North_admix	30.16084	-97.3907	2020	D	B	2	1	11113.5741	0.45114613
09_08_33	2020_09	North_admix	30.16084	-97.3907	2020	D	B	2	1	8938.05386	0.60350273
09_09_30	2020_09	North_admix	30.16084	-97.3907	2020	L	B	1	1	15609.3629	0.28836212
09_10_20	2020_09	North_admix	30.16084	-97.3907	2020	L	R	1	2	14592.2761	0.35301347
09_14_03	2020_09	North_admix	30.16084	-97.3907	2020	D	B	2	1	10897.5142	0.45299965
09_16_01	2020_09	North_admix	30.16084	-97.3907	2020	D	B	2	1	10050.9902	0.50662958
09_17_20	2020_09	North_admix	30.16084	-97.3907	2020	L	B	1	1	13736.2878	0.29260201
09_19_39	2020_09	North_admix	30.16084	-97.3907	2020	L	R	1	2	15105.7201	0.34151854
667_03_01_C	667	Sympatry	29.52881	-96.44123	2019	D	R	2	2	9988.5745	0.62042622
667_04_04	667	Sympatry	29.52881	-96.44123	2019	D	R	2	2	8338.9117	0.73494349
667_08_04_C	667	Sympatry	29.52881	-96.44123	2019	D	R	2	2	8039.5021	0.7736644
671_01_06	671	South_admix	29.4161	-97.70415	2019	D	R	2	2	8709.31759	0.68418169
671_02_07	671	South_admix	29.4161	-97.70415	2019	D	R	2	2	7424.31531	0.6216329
671_11_05	671	South_admix	29.4161	-97.70415	2019	D	R	2	2	7140.45269	0.79472823
671_12_05	671	South_admix	29.4161	-97.70415	2019	D	R	2	2	7150.45894	0.73894631
671_13_05	671	South_admix	29.4161	-97.70415	2019	D	R	2	2	10021.7018	0.63019019
671_14_10	671	South_admix	29.4161	-97.70415	2019	D	R	2	2	8642.54542	0.64234554
671_18_08	671	South_admix	29.4161	-97.70415	2019	D	R	2	2	8195.60483	0.71264138
671_21_05	671	South_admix	29.4161	-97.70415	2019	D	R	2	2	7961.7128	0.70123035
673_05_06	673	South_admix	29.39921	-97.74658	2019	L	R	1	2	15070.1064	0.33026763
673_06_06	673	South_admix	29.39921	-97.74658	2019	L	R	1	2	15340.0638	0.30168697
673_07_01	673	South_admix	29.39921	-97.74658	2019	L	B	1	1	15514.1455	0.25200324
673_12_08	673	South_admix	29.39921	-97.74658	2019	L	B	1	1	14337.6968	0.31207446
673_15_07	673	South_admix	29.39921	-97.74658	2019	L	R	1	2	14840.4839	0.35037675
673_16_10	673	South_admix	29.39921	-97.74658	2019	D	B	2	1	12197.092	0.39200236
673_19_06	673	South_admix	29.39921	-97.74658	2019	D	B	2	1	9577.26396	0.54963918
673_21_08	673	South_admix	29.39921	-97.74658	2019	L	B	1	1	15581.7914	0.27030325
673_26_06	673	South_admix	29.39921	-97.74658	2019	L	R	1	2	13549.3582	0.36367133
674_06_01	674	South_admix	29.40755	-97.75621	2019	L	R	1	2	14501.7042	0.31590706
674_07_10	674	South_admix	29.40755	-97.75621	2019	D	B	2	1	10900.8876	0.45713479
674_10_02	674	South_admix	29.40755	-97.75621	2019	L	R	1	2	15289.6489	0.29151327
674_11_02	674	South_admix	29.40755	-97.75621	2019	D	B	2	1	9328.02285	0.56184976
674_15_02	674	South_admix	29.40755	-97.75621	2019	L	B	1	1	14710.1904	0.2945009
675_01_01	675	South_admix	29.4024	-97.77451	2019	L	B	1	1	15142.1919	0.25189729
675_02_31	675	South_admix	29.4024	-97.77451	2019	L	B	1	1	14388.1323	0.28308479
675_07_01	675	South_admix	29.4024	-97.77451	2019	L	B	1	1	15429.8827	0.23398678
675_10_05	675	South_admix	29.4024	-97.77451	2019	L	B	1	1	13740.1475	0.28793868
675_12_05	675	South_admix	29.4024	-97.77451	2019	L	B	1	1	14459.5897	0.2719093
675_14_05	675	South_admix	29.4024	-97.77451	2019	L	B	1	1	14349.2745	0.26300425
678_02_32	678/759	South_admix	29.28641	-97.6241	2019	L	B	1	1	15021.9036	0.27215492
678_03_01	678/759	South_admix	29.28641	-97.6241	2019	L	B	1	1	14299.0163	0.24835506
678_07_06	678/759	South_admix	29.28641	-97.6241	2019	D	B	2	1	10212.7997	0.48910245
678_08_07	678/759	South_admix	29.28641	-97.6241	2019	L	R	1	2	14329.1038	0.34520926
678_16_32	678/759	South_admix	29.28641	-97.6241	2019	L	B	1	1	14389.4946	0.30079897
678_17_08	678/759	South_admix	29.28641	-97.6241	2019	L	B	1	1	14905.96	0.2739369
678_22_09	678/759	South_admix	29.28641	-97.6241	2019	L	R	1	2	15594.1858	0.3567802
680a_03_01	680a	Sympatry	29.73633	-97.41014	2019	D	R	2	2	7783.09257	0.7507377
680a_06_09	680a	Sympatry	29.73633	-97.41014	2019	D	R	2	2	7017.58032	0.81148826
680a_08_01	680a	Sympatry	29.73633	-97.41014	2019	D	R	2	2	7152.51018	0.75224211
680a_09_01	680a	Sympatry	29.73633	-97.41014	2019	D	R	2	2	8734.99776	0.7443367
680a_10_01	680a	Sympatry	29.73633	-97.41014	2019	D	R	2	2	9068.29876	0.64665389
680a_10_03	680a	Sympatry	29.73633	-97.41014	2019	D	R	2	2	7926.55869	0.73628855
680a_12_02	680a	Sympatry	29.73633	-97.41014	2019	D	R	2	2	8341.51183	0.71591673
704b_12_A	704b	Allopatry	NA	NA	2021	L	B	1	1	15322.7779	0.24098746
704b_21_A	704b	Allopatry	NA	NA	2021	L	B	1	1	14548.1775	0.3676897
704b_22_C	704b	Allopatry	NA	NA	2021	L	B	1	1	13653.599	0.33764898
706b_10_C	706b	Allopatry	NA	NA	2021	L	B	1	1	14398.0166	0.31793114
706b_13_B	706b	Allopatry	NA	NA	2021	L	B	1	1	14293.7246	0.31784438
706b_21_C	706b	Allopatry	NA	NA	2021	L	B	1	1	15872.5462	0.3492096
759_06_C	678/759	South_admix	29.28641	-97.6241	2021	D	R	2	2	5848.38109	0.73406661
759_07_A	678/759	South_admix	29.28641	-97.6241	2021	D	R	2	2	7029.53871	0.79554299
759_10_A	678/759	South_admix	29.28641	-97.6241	2021	D	R	2	2	8550.45824	0.71514397
759_21_C	678/759	South_admix	29.28641	-97.6241	2021	D	R	2	2	7498.0058	0.74876142
778_03_A	778	Allopatry	28.96803	-98.47288	2021	L	B	1	1	13726.8696	0.30694267
778_09_C	778	Allopatry	28.96803	-98.47288	2021	L	B	1	1	13593.2531	0.30650683
778_11_C	778	Allopatry	28.96803	-98.47288	2021	L	B	1	1	13913.1337	0.33008239
785_05_A	785	Allopatry	30.27233	-98.84158	2021	L	B	1	1	12395.8465	0.38297912
785_09	785	Allopatry	30.27233	-98.84158	2021	L	B	1	1	13593.651	0.32043643
785_12_B	785	Allopatry	30.27233	-98.84158	2021	L	B	1	1	11538.3718	0.40634721
802_11	802	Sympatry	29.71848	-96.8887	2021	D	R	2	2	7373.4137	0.81675646
802_12	802	Sympatry	29.71848	-96.8887	2021	D	R	2	2	5739.15062	0.85939015
802_14_A	802	Sympatry	29.71848	-96.8887	2021	D	R	2	2	6676.08222	0.80683049
831_16	831	Sympatry	29.86051	-97.59049	2021	D	R	2	2	8101.26406	0.71571655
831_17	831	Sympatry	29.86051	-97.59049	2021	D	R	2	2	8734.5108	0.68919813
831_19	831	Sympatry	29.86051	-97.59049	2021	D	R	2	2	7621.56603	0.68909275
831_21	831	Sympatry	29.86051	-97.59049	2021	D	R	2	2	8659.48801	0.69846297
831_22	831	Sympatry	29.86051	-97.59049	2021	D	R	2	2	7363.85519	0.70056278
