"","Sample","Av_Total_Int","Av_Blue_Int_Percent","Av_Green_Int_Percent","Av_Yellow_Int_Percent","Av_Red_Int_Percent","Av-LM","AV_MS","Av_Chroma","Av_Hue_radians","Av_Hue_degrees","Av_Adjust_Hue_degrees","Av_Adjust_Radians","Adjust_Hue_degrees_2SE","Total_Int_2SE","Chroma_2SE","Reverse_Chroma","Color_Class","Geography","Population","Intensity_Class"
"./2020_01_01_06_Intensity_Chroma_Hue.txt","./2020_01_01_06_Intensity_Chroma_Hue.txt",16489.3214677036,0.200835426974499,0.137857275358044,0.215208201823368,0.44609909584409,0.308241820486045,0.0143727748488691,0.308660316233102,0.0471261716343519,2.7001307392575,92.7001307392575,1.61857371132037,0.803780002228859,253.310653622789,0.00910936412515106,0.691339683766898,"LR","North ","1","L"
"./2020_01_03_05_Intensity_Chroma_Hue.txt","./2020_01_03_05_Intensity_Chroma_Hue.txt",13156.1980855591,0.221223968916921,0.150559563480174,0.139463071608595,0.48875339599431,0.338193832514136,-0.0817608973083261,0.347973807128542,6.0454369527825,346.378022706867,76.3780227068666,1.33358452345323,0.509719074875363,542.619350600317,0.00863013497350905,0.652026192871458,"LB","North ","1","L"
"./2020_01_06_03_Intensity_Chroma_Hue.txt","./2020_01_06_03_Intensity_Chroma_Hue.txt",10168.1235464419,0.200399929909004,0.0873552638664024,0.117104940604914,0.59513986561968,0.507784601753277,-0.0832949893040907,0.514593278012588,6.12037922173912,350.671898425215,80.671898425215,1.40855695663074,0.322259206133085,290.031549692927,0.00908939164158654,0.485406721987412,"DB","North ","1","D"
"./2020_01_07_08_Intensity_Chroma_Hue.txt","./2020_01_07_08_Intensity_Chroma_Hue.txt",15918.0248491568,0.22083620472714,0.110216514771866,0.217847321516292,0.451099958984702,0.340883444212836,-0.0029888832108481,0.340914601035572,4.70313185029189,269.469605515279,89.4696055152792,1.56216771534614,0.353030264358999,324.293820363021,0.0128754292050374,0.659085398964428,"LR","North ","1","L"
"./2020_01_08_42_Intensity_Chroma_Hue.txt","./2020_01_08_42_Intensity_Chroma_Hue.txt",16186.6840773545,0.253333805209112,0.174493539365745,0.153361156439227,0.418811498985916,0.244317959620171,-0.0999726487698852,0.264033989992882,5.89370534052528,337.684441705812,67.6844417058124,1.18179183930784,0.686331876870214,830.549520902159,0.016565594675029,0.735966010007118,"LB","North ","1","L"
"./2020_01_09_05_Intensity_Chroma_Hue.txt","./2020_01_09_05_Intensity_Chroma_Hue.txt",14273.1340785269,0.204368468349911,0.0971754278403765,0.206610192427153,0.49184591138256,0.394670483542183,0.00224172407724171,0.394754520284905,3.6710101293566,210.333386961908,90.3333869619077,1.57724961362061,0.690454220446436,408.263724306875,0.00988046487212386,0.605245479715095,"LR","North ","1","L"
"./2020_01_11_03_Intensity_Chroma_Hue.txt","./2020_01_11_03_Intensity_Chroma_Hue.txt",15782.4291994482,0.200467780502782,0.139395165398099,0.212965366552881,0.447171687546238,0.307776522148139,0.0124975860500997,0.308037222990165,0.0403391002091562,2.31126019133995,92.3112601913399,1.61178390810276,0.23371834395245,447.600786675048,0.0134042611366228,0.691962777009835,"LR","North ","1","L"
"./2020_01_15_04_Intensity_Chroma_Hue.txt","./2020_01_15_04_Intensity_Chroma_Hue.txt",16366.5353894153,0.19850777026121,0.131236495822126,0.213982112741049,0.456273621175615,0.325037125353489,0.0154743424798384,0.325414338024243,0.0474693841376864,2.71979536717469,92.7197953671747,1.61891706196654,0.260980032664593,564.716066094456,0.0101653992367732,0.674585661975757,"LR","North ","1","L"
"./2020_01_17_30_Intensity_Chroma_Hue.txt","./2020_01_17_30_Intensity_Chroma_Hue.txt",14832.8013961515,0.242895268098528,0.168883455709425,0.143119581407877,0.44510169478417,0.276218239074746,-0.0997756866906518,0.293716308610974,5.93657369721146,340.140617618592,70.140617618592,1.22467745048335,0.504444484167718,382.3583458623,0.00946304786394553,0.706283691389026,"LB","North ","1","L"
"./2020_01_19_30_Intensity_Chroma_Hue.txt","./2020_01_19_30_Intensity_Chroma_Hue.txt",16067.7773469396,0.212684413818797,0.134419927117706,0.215735305211791,0.437160353851707,0.302740426734001,0.00305089139299415,0.302841830672843,1.5821332724257,90.6495591372142,90.6495591372142,1.58277008017358,0.948015930970669,642.069852117107,0.0232273995147495,0.697158169327157,"LR","North ","1","L"
"./2020_01_20_05_Intensity_Chroma_Hue.txt","./2020_01_20_05_Intensity_Chroma_Hue.txt",16226.1848133519,0.200808447348983,0.126634632844341,0.210100419843015,0.46245649996366,0.33582186711932,0.00929197249403196,0.335956777756318,0.0274273579333484,1.57147185277552,91.5714718527755,1.59886696885799,0.213210750607343,496.14703198721,0.0190936463276891,0.664043222243682,"LR","North ","1","L"
"./2020_02_02_30_Intensity_Chroma_Hue.txt","./2020_02_02_30_Intensity_Chroma_Hue.txt",9689.32825917209,0.207691697378495,0.0852973668163981,0.102157059325156,0.604853876479952,0.519556509663554,-0.105534638053339,0.530235638338158,6.08216664631249,348.482479128944,78.4824791289437,1.3703290006641,0.56466183135958,331.497713049168,0.013510146085806,0.469764361661842,"DB","North ","2","D"
"./2020_02_04_36_Intensity_Chroma_Hue.txt","./2020_02_04_36_Intensity_Chroma_Hue.txt",10300.3812019872,0.223821012365931,0.106072718677998,0.102607986084124,0.567498282871948,0.46142556419395,-0.121213026281807,0.47713295965448,6.02612986586195,345.271808111627,75.2718081116268,1.3142696654411,0.509608974715735,334.345434859115,0.0070285739075475,0.52286704034552,"DB","North ","2","D"
"./2020_02_05_06_Intensity_Chroma_Hue.txt","./2020_02_05_06_Intensity_Chroma_Hue.txt",13643.1684081433,0.239000703758934,0.157411035245861,0.138751165520046,0.46483709547516,0.3074260602293,-0.100249538238888,0.323404969696356,5.96754249822859,341.914999213454,71.914999213454,1.25565871642539,0.580535978529473,307.988160144137,0.00892851963722831,0.676595030303644,"LB","North ","2","L"
"./2020_02_12_31_Intensity_Chroma_Hue.txt","./2020_02_12_31_Intensity_Chroma_Hue.txt",16179.7686857015,0.239985310847554,0.185997797986912,0.155201608765219,0.418815282400315,0.232817484413402,-0.0847837020823343,0.247794617548911,5.93408672767355,339.998124760292,69.9981247602918,1.2221894799416,0.43925196092038,298.256718276608,0.00642809051637149,0.752205382451089,"LB","North ","2","L"
"./2020_02_13_05_Intensity_Chroma_Hue.txt","./2020_02_13_05_Intensity_Chroma_Hue.txt",13826.2815997669,0.239150858935484,0.165934437929688,0.144981322869686,0.449933380265142,0.283998942335454,-0.094169536065798,0.29927844981178,5.9624409067221,341.622699551332,71.6226995513319,1.25055507153119,0.663941385823448,281.204720070523,0.00539525169852593,0.70072155018822,"LB","North ","2","L"
"./2020_02_14_03_Intensity_Chroma_Hue.txt","./2020_02_14_03_Intensity_Chroma_Hue.txt",14544.6376476943,0.244815664684793,0.171996155727187,0.146161173574749,0.437027006013271,0.265030850286084,-0.098654491110043,0.282877225895603,5.92639854621298,339.55762441047,69.5576244104702,1.21449820399234,0.815605596155476,378.289705262881,0.0077856022568401,0.717122774104397,"LB","North ","2","L"
"./2020_02_15_01_Intensity_Chroma_Hue.txt","./2020_02_15_01_Intensity_Chroma_Hue.txt",16270.3209051444,0.251869370415961,0.179273851076573,0.149104574232689,0.419752204274777,0.240478353198204,-0.102764796183272,0.261570925028713,5.88026098163025,336.914136682868,66.9141366828678,1.16834206906595,0.773359510631901,582.011647518195,0.0143631726312921,0.738429074971287,"LB","North ","2","L"
"./2020_02_16_30_Intensity_Chroma_Hue.txt","./2020_02_16_30_Intensity_Chroma_Hue.txt",14850.7053940584,0.23579061507315,0.171551996663896,0.142406082838969,0.450251305423986,0.27869930876009,-0.0933845322341807,0.294037298906177,5.96195054485765,341.594603886065,71.5946038860652,1.25006451229638,0.970312485506659,347.014960716435,0.0186082896903606,0.705962701093823,"LB","North ","2","L"
"./2020_03_04_01_Intensity_Chroma_Hue.txt","./2020_03_04_01_Intensity_Chroma_Hue.txt",9465.59360445967,0.125129892377512,0.0505382340926823,0.166352218740158,0.657979654789648,0.607441420696966,0.0412223263626461,0.609015784272167,0.0666841611374555,3.8207209935465,93.8207209935465,1.63813957290319,0.829962060343529,227.362064244189,0.0206449388710092,0.390984215727833,"DR","North ","3","D"
"./2020_03_05_03_Intensity_Chroma_Hue.txt","./2020_03_05_03_Intensity_Chroma_Hue.txt",8491.2120691494,0.112895287314027,0.0492256236677462,0.146347417146093,0.691531671872134,0.642306048204387,0.0334521298320657,0.643186253971444,0.0519218039658793,2.9749002319505,92.9749002319505,1.6233712738912,0.190539939748155,247.210733901615,0.0181111204336767,0.356813746028556,"DR","North ","3","D"
"./2020_03_07_30_Intensity_Chroma_Hue.txt","./2020_03_07_30_Intensity_Chroma_Hue.txt",15426.7024896908,0.210998991488217,0.114969062908163,0.210417817548862,0.463614128054758,0.348645065146596,-0.000581173939355006,0.348700016751665,4.71014220954642,269.871269513434,89.8712695134342,1.56918089626631,0.602941892246586,260.228531501122,0.0108090394024928,0.651299983248335,"LR","North ","3","L"
"./2020_03_09_04_Intensity_Chroma_Hue.txt","./2020_03_09_04_Intensity_Chroma_Hue.txt",10173.3720176524,0.103130626402742,0.0341484688016044,0.161125156978243,0.70159574781741,0.667447279015806,0.0579945305755016,0.669972429759256,0.0865343550634197,4.95805332802048,94.9580533280205,1.65799775652099,0.192633403019623,215.573966666079,0.0122218390961049,0.330027570240744,"DR","North ","3","D"
"./2020_03_10_41_Intensity_Chroma_Hue.txt","./2020_03_10_41_Intensity_Chroma_Hue.txt",14316.8382583885,0.201598140773146,0.11057995581878,0.214651556886337,0.473170346521737,0.362590390702957,0.0130534161131906,0.36285096958768,0.0363259734078367,2.0813249629735,92.0813249629735,1.60776916602017,0.413610266401242,330.047669172209,0.0101862635171178,0.63714903041232,"LR","North ","3","L"
"./2020_03_13_41_Intensity_Chroma_Hue.txt","./2020_03_13_41_Intensity_Chroma_Hue.txt",12560.8436840971,0.176891385651359,0.0972438320177226,0.204904893589585,0.520959888741333,0.42371605672361,0.0280135079382258,0.424645552757087,0.065926361098697,3.77730224961079,93.7773022496108,1.63738146785035,0.156426576285529,166.180267057212,0.00972655648826282,0.575354447242913,"LR","North ","3","L"
"./2020_03_14_30_Intensity_Chroma_Hue.txt","./2020_03_14_30_Intensity_Chroma_Hue.txt",7988.37660790431,0.0780990256834304,0.0309952092544255,0.146499548533357,0.744406216528787,0.713411007274361,0.0684005228499267,0.716715442166068,0.0959683497783286,5.49858140913348,95.4985814091335,1.66743554841344,0.330514119888156,357.345889089727,0.0217408537569656,0.283284557833932,"DR","North ","3","D"
"./2020_03_19_21_Intensity_Chroma_Hue.txt","./2020_03_19_21_Intensity_Chroma_Hue.txt",13848.2625257318,0.23852524047281,0.15588935883559,0.132632272153354,0.472953128538246,0.317063769702656,-0.105892968319455,0.334314492602981,5.96018855531347,341.493649321637,71.493649321637,1.24830181355239,0.499607593325087,417.891136869481,0.00975131311463686,0.665685507397019,"LB","North ","3","L"
"./2020_07_01_03_Intensity_Chroma_Hue.txt","./2020_07_01_03_Intensity_Chroma_Hue.txt",8205.17445182026,0.0777661444648877,0.0312768396827507,0.146320487524657,0.744636528327704,0.713359688644954,0.0685543430597696,0.716657197409229,0.0956787073777471,5.48198612201212,95.4819861220121,1.66714578943196,0.190652192803526,324.98853687943,0.0232586749571399,0.283342802590771,"DR","North ","7","D"
"./2020_07_02_01_Intensity_Chroma_Hue.txt","./2020_07_02_01_Intensity_Chroma_Hue.txt",10989.5195509013,0.239589847617681,0.116001405947354,0.11333560618231,0.531073140252655,0.415071734305301,-0.126254241435371,0.433916944667614,5.98735010313834,343.049891377045,73.0498913770453,1.27547429388492,0.609812677687196,320.863127297692,0.00959540999725367,0.566083055332385,"DB","North ","7","D"
"./2020_07_04_03_Intensity_Chroma_Hue.txt","./2020_07_04_03_Intensity_Chroma_Hue.txt",9738.85175041424,0.116376445962233,0.046950501219219,0.181486251947973,0.655186800870574,0.608236299651355,0.0651098059857399,0.611716152552314,0.106574220052262,6.10625301389314,96.1062530138931,1.67804568754417,0.13740693757538,225.450572478439,0.00905459721404752,0.388283847447686,"DR","North ","7","D"
"./2020_07_05_01_Intensity_Chroma_Hue.txt","./2020_07_05_01_Intensity_Chroma_Hue.txt",15143.4559808357,0.200066178688144,0.118129426816977,0.208549534049559,0.47325486044532,0.355125433628342,0.008483355361415,0.355260898905501,0.0230188890306789,1.31888519053789,91.3188851905379,1.59445672554907,0.473100345657255,425.889252636533,0.0146022362725599,0.644739101094499,"LR","North ","7","L"
"./2020_07_07_21_Intensity_Chroma_Hue.txt","./2020_07_07_21_Intensity_Chroma_Hue.txt",8744.50101471677,0.105332447428967,0.040360300263302,0.166015852071354,0.688291400236377,0.647931099973075,0.0606834046423864,0.650864651016018,0.0935064739713617,5.35752631570892,95.3575263157089,1.66497268170285,0.592639165269455,379.275373895103,0.0186851243469474,0.349135348983982,"DR","North ","7","D"
"./2020_07_08_01_Intensity_Chroma_Hue.txt","./2020_07_08_01_Intensity_Chroma_Hue.txt",11918.8843394396,0.174623196541252,0.0856183549605425,0.196153007897016,0.543605440601189,0.457987085640647,0.0215298113557639,0.458520434545125,0.0466975104175794,2.6755702606955,92.6755702606955,1.6181448775677,0.380191120708796,199.482610311395,0.0121697609607929,0.541479565454875,"LR","North ","7","L"
"./2020_07_09_02_Intensity_Chroma_Hue.txt","./2020_07_09_02_Intensity_Chroma_Hue.txt",7725.5670423156,0.0803780557171627,0.0361021398989027,0.146281878871097,0.737237925512838,0.701135785613935,0.0659038231539345,0.704284369975787,0.0937202287429062,5.36977356196919,95.3697735619692,1.66518652251057,0.450430334412681,243.324223289873,0.013446584095442,0.295715630024213,"DR","North ","7","D"
"./2020_07_11_01_Intensity_Chroma_Hue.txt","./2020_07_11_01_Intensity_Chroma_Hue.txt",8328.92536521943,0.100646369841423,0.0431058351342194,0.14849054438243,0.707757250641927,0.664651415507708,0.0478441745410075,0.666435324387012,0.071834595261832,4.11581913153343,94.1158191315334,1.64329208007439,0.477729351310279,144.206361274633,0.00876472794848977,0.333564675612988,"DR","North ","7","D"
"./2020_07_15_36_Intensity_Chroma_Hue.txt","./2020_07_15_36_Intensity_Chroma_Hue.txt",10512.4506747426,0.204037877063263,0.110819296710466,0.119715395101516,0.565427431124755,0.454608134414289,-0.0843224819617465,0.462423586796344,6.09895895260914,349.444607408033,79.4446074080327,1.38712806585454,0.555712893701816,242.004558827627,0.0152793854530643,0.537576413203656,"DB","North ","7","D"
"./2020_07_18_20_Intensity_Chroma_Hue.txt","./2020_07_18_20_Intensity_Chroma_Hue.txt",11967.0529495437,0.188809111671151,0.0925149664166364,0.188647138132703,0.53002878377951,0.437513817362873,-0.000161973538447725,0.437532162349708,2.61739319203943,149.965583230134,89.9655832301338,1.57082764370075,0.312846687885375,235.070418961876,0.0107787920397678,0.562467837650292,"LR","North ","7","L"
"./2020_08_01_30_Intensity_Chroma_Hue.txt","./2020_08_01_30_Intensity_Chroma_Hue.txt",8294.51838032784,0.0754820978443345,0.0298889723587295,0.150611944687927,0.744016985109009,0.714128012750279,0.0751298468435928,0.718071172348805,0.104858105160376,6.00792687342851,96.0079268734285,1.67632888191701,0.0840719445770696,306.209287902668,0.0236215499728189,0.281928827651195,"DR","North ","8","D"
"./2020_08_03_03_Intensity_Chroma_Hue.txt","./2020_08_03_03_Intensity_Chroma_Hue.txt",7638.79052169427,0.0659328606970271,0.0222784149202684,0.13316069380183,0.778628030580874,0.756349615660606,0.067227833104803,0.759343700590512,0.0886017836878947,5.07650826264743,95.0765082626474,1.66006601728432,0.16802142158998,152.723842436519,0.0127150192348218,0.240656299409488,"DR","North ","8","D"
"./2020_08_04_20_Intensity_Chroma_Hue.txt","./2020_08_04_20_Intensity_Chroma_Hue.txt",8460.22508325556,0.0865320167739887,0.0333479213262833,0.147775263653579,0.732344798246149,0.698996876919866,0.0612432468795899,0.701689068969645,0.0873424665341437,5.00435470466907,95.0043547046691,1.65880619325613,0.219172627909173,188.203111612472,0.0156954337615017,0.298310931030355,"DR","North ","8","D"
"./2020_08_10_01_Intensity_Chroma_Hue.txt","./2020_08_10_01_Intensity_Chroma_Hue.txt",9487.01676290788,0.108161558364213,0.0310068805847525,0.15431105106924,0.706520509981794,0.675513629397042,0.0461494927050268,0.677096302322636,0.0682222439444465,3.90884664692872,93.9088466469287,1.63967827478764,0.143839821829774,241.646222720895,0.00999292912615575,0.322903697677364,"DR","North ","8","D"
"./2020_08_11_40_Intensity_Chroma_Hue.txt","./2020_08_11_40_Intensity_Chroma_Hue.txt",8575.59701660444,0.0737820854314616,0.0317807080883964,0.156552683962648,0.737884522517494,0.706103814429098,0.0827705985311863,0.710940658012562,0.116708670563539,6.68691425587352,96.6869142558735,1.68818421716605,0.0813365156489296,179.762043117397,0.00945748127104948,0.289059341987438,"DR","North ","8","D"
"./2020_08_12_20_Intensity_Chroma_Hue.txt","./2020_08_12_20_Intensity_Chroma_Hue.txt",8898.46066834523,0.0655981706344992,0.0223639099062422,0.147040426036942,0.764997493422317,0.742633583516075,0.0814422554024422,0.747087922289358,0.109155705650327,6.25416124353606,96.2541612435361,1.68062821218872,0.0793147806736048,236.768286827837,0.0168422375718934,0.252912077710642,"DR","North ","8","D"
"./2020_09_03_05_Intensity_Chroma_Hue.txt","./2020_09_03_05_Intensity_Chroma_Hue.txt",13780.2590093862,0.240964158744254,0.167061476248332,0.138837899432814,0.4531364655746,0.286074989326268,-0.102126259311439,0.303779699257494,5.94004100708392,340.339279840548,70.3392798405476,1.22814615594607,0.417033238783611,398.869971103946,0.00755478793775161,0.696220300742506,"LB","North ","9","L"
"./2020_09_06_09_Intensity_Chroma_Hue.txt","./2020_09_06_09_Intensity_Chroma_Hue.txt",11014.9531359539,0.218478194283617,0.104934135362358,0.101852432146332,0.574735238207693,0.469801102845335,-0.116625762137285,0.48424414477415,6.03871446569842,345.992852569117,75.9928525691172,1.32685933057189,0.952323741423837,370.811986706622,0.0129994282274757,0.51575585522585,"DB","North ","9","D"
"./2020_09_07_22_Intensity_Chroma_Hue.txt","./2020_09_07_22_Intensity_Chroma_Hue.txt",11113.5740699497,0.225029626079574,0.113322069080109,0.111668598907204,0.549979705933113,0.436657636853003,-0.11336102717237,0.4511461267889,6.02905279413503,345.439279565494,75.4392795654938,1.31719377019116,0.266597865548679,160.066132658362,0.00684759888441434,0.5488538732111,"DB","North ","9","D"
"./2020_09_08_33_Intensity_Chroma_Hue.txt","./2020_09_08_33_Intensity_Chroma_Hue.txt",8938.05385603531,0.182551251962245,0.0636420165852327,0.0933725114289783,0.660434220023544,0.596792203438311,-0.089178740533267,0.603502725312582,6.13423989329047,351.466056406324,81.4660564063246,1.42242320709456,0.571783920133448,207.720169155453,0.0141215737522588,0.396497274687418,"DB","North ","9","D"
"./2020_09_09_30_Intensity_Chroma_Hue.txt","./2020_09_09_30_Intensity_Chroma_Hue.txt",15609.3629317187,0.243354070758605,0.172388676784845,0.141960508486621,0.442296743969929,0.269908067185084,-0.101393562271983,0.288362118741997,5.92281423908134,339.352258739349,69.3522587393488,1.21091245417911,0.559338842189211,624.647524215645,0.0125095823827403,0.711637881258003,"LB","North ","9","L"
"./2020_09_10_20_Intensity_Chroma_Hue.txt","./2020_09_10_20_Intensity_Chroma_Hue.txt",14592.2760973593,0.210750390262601,0.116608191395645,0.203118902457219,0.469522515884535,0.35291432448889,-0.00763148780538228,0.353013467537969,6.2615493119728,358.760348789086,88.7603487890856,1.54978386774594,0.333232660307714,246.204194334098,0.00583258943038802,0.646986532462031,"LR","North ","9","L"
"./2020_09_14_03_Intensity_Chroma_Hue.txt","./2020_09_14_03_Intensity_Chroma_Hue.txt",10897.5142418645,0.235027533917308,0.108299677394401,0.11237690347186,0.544295885216431,0.43599620782203,-0.122650630445448,0.452999647300984,6.00820510555787,344.24479499742,74.2447949974195,1.29633769043113,0.658419268687376,250.869792830806,0.0112779216829649,0.547000352699016,"DB","North ","9","D"
"./2020_09_16_01_Intensity_Chroma_Hue.txt","./2020_09_16_01_Intensity_Chroma_Hue.txt",10050.9901863654,0.216523901080752,0.0880870370073778,0.111719242662812,0.583669819249058,0.49558278224168,-0.10480465841794,0.506629582055889,6.07401007045988,348.015141757311,78.0151417573109,1.36216914179432,0.632390706976594,220.711491400309,0.0130859829116154,0.493370417944111,"DB","North ","9","D"
"./2020_09_17_20_Intensity_Chroma_Hue.txt","./2020_09_17_20_Intensity_Chroma_Hue.txt",13736.2878007052,0.250418538815885,0.167916188917991,0.14200441042321,0.439660861842915,0.271744672924924,-0.108414128392675,0.292602006951245,5.90322539614889,338.229900713775,68.229900713775,1.19131572674845,0.478635241011719,263.868084082035,0.00892329308750719,0.707397993048755,"LB","North ","9","L"
"./2020_09_19_39_Intensity_Chroma_Hue.txt","./2020_09_19_39_Intensity_Chroma_Hue.txt",15105.7201365609,0.210068474628172,0.118276784090823,0.211890169830885,0.45976457145012,0.341487787359296,0.00182169520271297,0.341518542320469,2.09951199681736,120.293176454719,90.2931764547185,1.57654752539985,0.425473563477111,380.236111086139,0.0063827231171896,0.658481457679531,"LR","North ","9","L"
"./656a_11_01_Intensity_Chroma_Hue.txt","./656a_11_01_Intensity_Chroma_Hue.txt",7330.80869021281,0.0539907116259769,0.0301739443860392,0.137631106948305,0.778204237039679,0.748030292653639,0.0836403953223284,0.752699428143351,0.111461444935885,6.38627037325604,96.386270373256,1.68293487953304,0.155231977870656,177.133401143629,0.0153422875852891,0.247300571856649,"DR_Sym","Sym","656a","D"
"./656a_14_31_Intensity_Chroma_Hue.txt","./656a_14_31_Intensity_Chroma_Hue.txt",8489.55621353083,0.0954435135689465,0.0378214620100948,0.167548975553817,0.699186048867141,0.661364586857047,0.0721054619848707,0.66540973838739,0.108337987994345,6.20730947301497,96.207309473015,1.67981016540185,0.675214957197671,302.902665215217,0.0086938258391321,0.33459026161261,"DR_Sym","Sym","656a","D"
"./656a_28_30_Intensity_Chroma_Hue.txt","./656a_28_30_Intensity_Chroma_Hue.txt",8668.49465492787,0.0816010411615953,0.0340473547360297,0.17184615016343,0.712505453938945,0.678458099202915,0.0902451090018349,0.684440539159281,0.132228245825055,7.57612041819402,97.576120418194,1.70371003904783,0.154122512940214,160.569286250841,0.0083914252095669,0.315559460840719,"DR_Sym","Sym","656a","D"
"./656a_30_30_Intensity_Chroma_Hue.txt","./656a_30_30_Intensity_Chroma_Hue.txt",8676.0967112009,0.0818572313412489,0.0297577561588369,0.167470308251262,0.720914704248652,0.691156948089815,0.0856130769100137,0.69644150093197,0.123188876035464,7.05820267979237,97.0582026797924,1.69466703091701,0.0893963659131865,293.941478529156,0.0126916974484835,0.30355849906803,"DR_Sym","Sym","656a","D"
"./667_03_01_Intensity_Chroma_Hue.txt","./667_03_01_Intensity_Chroma_Hue.txt",9988.57449871864,0.111126923279917,0.0473092373902214,0.177377714956624,0.664186124373238,0.616876886983016,0.0662507916767075,0.620426219730752,0.107002851408965,6.13081178159917,96.1308117815992,1.67847449142475,0.0865602221576123,334.030625098012,0.013105731037284,0.379573780269248,"DR_Sym","Sym","667","D"
"./667_04_04_Intensity_Chroma_Hue.txt","./667_04_04_Intensity_Chroma_Hue.txt",8338.9116992839,0.0710987371752715,0.0265560136234586,0.144532726788434,0.757812522412836,0.731256508789378,0.073433989613162,0.73494349104986,0.100102567651481,5.73545464485267,95.7354546448527,1.67157143030695,0.171591218716807,283.185611950586,0.00957407379629792,0.26505650895014,"DR_Sym","Sym","667","D"
"./667_08_04_Intensity_Chroma_Hue.txt","./667_08_04_Intensity_Chroma_Hue.txt",8039.50210328984,0.0500667664510282,0.0213707024884305,0.138614223319903,0.789948307740638,0.768577605252208,0.0885474568688748,0.773664401754388,0.114745664750428,6.5744423076226,96.5744423076226,1.6862204212442,0.0939555454612352,161.13948738549,0.00937226046040141,0.226335598245612,"DR_Sym","Sym","667","D"
"./667_6_2_Intensity_Chroma_Hue.txt","./667_6_2_Intensity_Chroma_Hue.txt",8223.47305430122,0.088236190231216,0.0351803054851111,0.160565400922548,0.716018103361125,0.680837797876014,0.072329210691332,0.684671580514941,0.105846829755104,6.0645766198072,96.0645766198072,1.67731800447282,0.0960124808915336,254.349439864999,0.0187191982279902,0.315328419485059,"DR_Sym","Sym","667","D"
"./680a_03_01_Intensity_Chroma_Hue.txt","./680a_03_01_Intensity_Chroma_Hue.txt",7783.09257026759,0.0527882798053389,0.0231906668606131,0.157428253762843,0.766592799571205,0.743402132710592,0.104639973957504,0.750737700709749,0.139897701289408,8.01554784746495,98.015547847465,1.71138258146367,0.15047674164684,199.718424140368,0.00787524174541898,0.249262299290251,"DR_Sym","Sym","680a","D"
"./680a_06_09_Intensity_Chroma_Hue.txt","./680a_06_09_Intensity_Chroma_Hue.txt",7017.5803179357,0.0348005849296694,0.0174743253445808,0.123664344028008,0.824060745697742,0.806586420353161,0.0888637590983382,0.811488262601998,0.109948455523151,6.29958246545841,96.2995824654584,1.68142128114292,0.248475999593068,188.454195317434,0.0165988060041788,0.188511737398002,"DR_Sym","Sym","680a","D"
"./680a_08_01_Intensity_Chroma_Hue.txt","./680a_08_01_Intensity_Chroma_Hue.txt",7152.51018334198,0.0472878207555182,0.0307394111757722,0.145431202507969,0.77654156556074,0.745802154384968,0.098143381752451,0.752242111184665,0.130940961799538,7.50236447649728,97.5023644764973,1.70242223689122,0.180227483776784,160.787803425591,0.0111319851122081,0.247757888815335,"DR_Sym","Sym","680a","D"
"./680a_09_01_Intensity_Chroma_Hue.txt","./680a_09_01_Intensity_Chroma_Hue.txt",8734.99776146987,0.0571907492342112,0.0227349640814281,0.160167782249618,0.759906504434743,0.737171540353315,0.102977033015407,0.744336700141255,0.13885286967349,7.95568340557107,97.9556834055711,1.71033732930362,0.153427891549786,374.24304472482,0.011853585948381,0.255663299858745,"DR_Sym","Sym","680a","D"
"./680a_10_01_Intensity_Chroma_Hue.txt","./680a_10_01_Intensity_Chroma_Hue.txt",9068.29876273576,0.0958699060145874,0.0435213592515405,0.17536336821477,0.685245366519102,0.641724007267562,0.0794934622001824,0.646653890005307,0.123128621789198,7.05475036578357,97.0547503657836,1.69460675241844,0.304036744952469,253.845449411483,0.0182020709325392,0.353346109994693,"DR_Sym","Sym","680a","D"
"./680a_10_03_Intensity_Chroma_Hue.txt","./680a_10_03_Intensity_Chroma_Hue.txt",7926.55868702934,0.0555672663341548,0.0335530025065214,0.14670857054845,0.764171160610874,0.730618158104352,0.0911413042142951,0.736288546121549,0.124169637419818,7.11439616782528,97.1143961678253,1.69564818705727,0.157572046835879,210.098718411533,0.0250236459026968,0.263711453878451,"DR_Sym","Sym","680a","D"
"./680a_12_02_Intensity_Chroma_Hue.txt","./680a_12_02_Intensity_Chroma_Hue.txt",8341.51182832024,0.0675698866195673,0.0291537603662952,0.16485176957852,0.738424583435617,0.709270823069322,0.0972818829589531,0.715916727660108,0.136326049850246,7.8109072941092,97.8109072941092,1.70780949243683,0.135502224903041,101.450355780224,0.00598173975973754,0.284083272339892,"DR_Sym","Sym","680a","D"
"./702d_05_B_Intensity_Chroma_Hue.txt","./702d_05_B_Intensity_Chroma_Hue.txt",12744.5781390141,0.270499668771285,0.14561554063427,0.15566807668839,0.428216713906055,0.282601173271785,-0.114831592082894,0.305120287544934,5.89654600600272,337.847199848678,67.8471998486778,1.18463364815152,0.785140438916782,813.468021422554,0.00933370078055559,0.694879712455066,"LB_Allo","Allopatry","702d","L"
"./702d_06_A_Intensity_Chroma_Hue.txt","./702d_06_A_Intensity_Chroma_Hue.txt",13475.8741051918,0.272954541211463,0.152406822400843,0.15386551345275,0.420773122934945,0.268366300534102,-0.119089027758714,0.293661410223482,5.86533705029905,336.059058403847,66.0590584038468,1.15341213086082,0.688218841356278,429.254215547688,0.0048887844044708,0.706338589776518,"LB_Allo","Allopatry","702d","L"
"./702d_07_B_Intensity_Chroma_Hue.txt","./702d_07_B_Intensity_Chroma_Hue.txt",16169.2803808302,0.277866650396652,0.160763702773532,0.167740515903484,0.393629130926332,0.2328654281528,-0.110126134493167,0.25764346914177,5.84067997608387,334.646312116176,64.646312116176,1.1287451321872,0.678111604654601,372.912015314392,0.0134098612353195,0.74235653085823,"LB_Allo","Allopatry","702d","L"
"./702d_08_A_Intensity_Chroma_Hue.txt","./702d_08_A_Intensity_Chroma_Hue.txt",16239.5407767789,0.27619191485811,0.164911647743466,0.167907657590877,0.390988779807548,0.226077132064081,-0.108284257267233,0.250722849914742,5.83563907348961,334.357489672589,64.3574896725886,1.1237022006325,0.697612887560419,635.71150424638,0.00852492111094248,0.749277150085258,"LB_Allo","Allopatry","703b","L"
"./703b_03_C_Intensity_Chroma_Hue.txt","./703b_03_C_Intensity_Chroma_Hue.txt",NA,NA,NA,NA,NA,NA,NA,NA,NA,NA,NA,NA,NA,NA,NA,NA,"LB_Allo","Allopatry","703b","L"
"./703b_21_B_Intensity_Chroma_Hue.txt","./703b_21_B_Intensity_Chroma_Hue.txt",14807.0983846488,0.26511168867101,0.150029526416677,0.159986590301074,0.424872194611239,0.274842668194561,-0.105125098369936,0.294339433777531,5.91709088803312,339.024334879614,69.0243348796142,1.20518679948533,0.790126759641054,497.95812704411,0.00947375827059994,0.705660566222469,"LB_Allo","Allopatry","703b","L"
"./704b_09_A_Intensity_Chroma_Hue.txt","./704b_09_A_Intensity_Chroma_Hue.txt",11043.3226048345,0.264799839908049,0.11463211826736,0.134641468400708,0.485926573423882,0.371294455156522,-0.130158371507341,0.393516592186506,5.94550457500182,340.652319223327,70.6523192233268,1.23361192294698,0.652172943292731,146.373692158705,0.00976588529477447,0.606483407813494,"LB_Allo","Allopatry","704b","L"
"./704b_10_B_Intensity_Chroma_Hue.txt","./704b_10_B_Intensity_Chroma_Hue.txt",12087.1762478263,0.263872678956379,0.13360636711847,0.139950805889421,0.46257014803573,0.328963780917259,-0.123921873066958,0.351610995553129,5.92205812935306,339.30893684307,69.3089368430696,1.21015604011709,0.736823296234647,305.18491643165,0.0113185308634386,0.648389004446871,"LB_Allo","Allopatry","704b","L"
"./704b_12_A_Intensity_Chroma_Hue.txt","./704b_12_A_Intensity_Chroma_Hue.txt",15322.7778501331,0.268419218307934,0.171912075887528,0.168523971442427,0.391144734362111,0.219232658474583,-0.0998952468655064,0.24098746033519,5.85559928871996,335.501125763461,65.5011257634607,1.1436704498382,0.818259354273257,548.592506832487,0.00694254113962095,0.75901253966481,"LB_Allo","Allo","704b","L"
"./704b_21_A_Intensity_Chroma_Hue.txt","./704b_21_A_Intensity_Chroma_Hue.txt",14548.1775257206,0.268817299032955,0.124546869587287,0.138394464404891,0.468241366974868,0.343694497387581,-0.130422834628065,0.367689696582163,5.91933175521824,339.152727111771,69.1527271117706,1.20742856861822,0.724858508765508,633.871413119139,0.0132565321419997,0.632310303417837,"LB_Allo","Allo","704b","L"
"./704b_22_C_Intensity_Chroma_Hue.txt","./704b_22_C_Intensity_Chroma_Hue.txt",13653.5989959885,0.269470453271877,0.131943208869879,0.150778237696911,0.447808100161333,0.315864891291454,-0.118692215574966,0.33764898118819,5.9213864790646,339.270454116232,69.2704541162325,1.20948411948977,1.29065828024478,291.478904600737,0.0138779192751455,0.66235101881181,"LB_Allo","Allo","704b","L"
"./706b_09_C_Intensity_Chroma_Hue.txt","./706b_09_C_Intensity_Chroma_Hue.txt",16131.2321411054,0.25046746828729,0.134235990401841,0.145263295488383,0.470033245822485,0.335797255420645,-0.105204172798907,0.351995559633863,5.97812636349772,342.52141002431,72.52141002431,1.2662468416943,0.851788435022404,441.588347314016,0.0138905492584884,0.648004440366137,"LB_Allo","Allopatry","706b","L"
"./706b_10_C_Intensity_Chroma_Hue.txt","./706b_10_C_Intensity_Chroma_Hue.txt",14398.0166109175,0.256400854562422,0.145234983722346,0.1526854220284,0.445678739686832,0.300443755964487,-0.103715432534021,0.317931139459993,5.95002809960515,340.911498091621,70.9114980916208,1.23813726826639,0.825109747519506,466.305693155206,0.00820983819258256,0.682068860540007,"LB_Allo","Allo","706b","L"
"./706b_13_B_Intensity_Chroma_Hue.txt","./706b_13_B_Intensity_Chroma_Hue.txt",14293.7246252761,0.264879267279328,0.1456327716766,0.148289907701709,0.441198053342362,0.295565281665762,-0.116589359577619,0.317844375575979,5.90503888987116,338.333806250234,68.3338062502342,1.19312995040091,0.985623387824969,597.526670400059,0.0192860101031044,0.682155624424021,"LB_Allo","Allo","706b","L"
"./706b_19_B_Intensity_Chroma_Hue.txt","./706b_19_B_Intensity_Chroma_Hue.txt",13186.9448464715,0.234694052655039,0.143453493612446,0.154145893041754,0.46770656069076,0.324253067078314,-0.0805481596132848,0.334143198352021,6.03947759367105,346.036576581177,76.0365765811775,1.3276227657031,0.478432197434889,454.726312065732,0.00860665356478006,0.665856801647979,"LB_Allo","Allopatry","706b","L"
"./706b_21_C_Intensity_Chroma_Hue.txt","./706b_21_C_Intensity_Chroma_Hue.txt",15872.5462078972,0.246941211843087,0.144040948440137,0.134444878144494,0.474572961572283,0.330532013132146,-0.112496333698593,0.349209604295471,5.95470820472549,341.179648362694,71.179648362694,1.2428192571264,0.631573001850762,349.325426368744,0.00776196782473719,0.650790395704529,"LB_Allo","Allo","706b","L"
"./759_06_C_Intensity_Chroma_Hue.txt","./759_06_C_Intensity_Chroma_Hue.txt",5848.38108954917,0.0591317110315086,0.0330279133580013,0.145919868725184,0.761920506885306,0.728892593527304,0.0867881576936759,0.734066608588789,0.118626330440925,6.79678807338928,96.7967880733893,1.69010264890045,0.286199304806252,127.242801814189,0.0107113068447926,0.265933391411211,"DR","South","759","D"
"./759_07_A_Intensity_Chroma_Hue.txt","./759_07_A_Intensity_Chroma_Hue.txt",7029.53870714762,0.0462688432571395,0.00843740772686834,0.147840672037747,0.797453076978245,0.789015669251376,0.101571828780608,0.795542989721397,0.12810862990483,7.34008381275023,97.3400838127502,1.69958876498453,0.223575255001278,98.6097949252171,0.00750205310024173,0.204457010278603,"DR","South","759","D"
"./759_10_A_Intensity_Chroma_Hue.txt","./759_10_A_Intensity_Chroma_Hue.txt",8550.4582437902,0.0704943706375899,0.0270329401801346,0.166824631806354,0.735648057375922,0.708615117195787,0.0963302611687638,0.715143972102626,0.135149498790694,7.7434958840152,97.7434958840152,1.70663246781614,0.193157476529553,232.191158623325,0.0104659617836927,0.284856027897374,"DR","South","759","D"
"./759_21_C_Intensity_Chroma_Hue.txt","./759_21_C_Intensity_Chroma_Hue.txt",7498.00579978882,0.0577928096327815,0.0199127757300499,0.160751902967851,0.761542511669318,0.741629735939268,0.10295909333507,0.748761420894888,0.138041624714709,7.90920249328161,97.9092024932816,1.7095257578192,0.244529603905813,156.515781080035,0.0107498823591416,0.251238579105112,"DR","South","759","D"
"./764_03_B_Intensity_Chroma_Hue.txt","./764_03_B_Intensity_Chroma_Hue.txt",9116.80154809473,0.199824218333498,0.083742466486665,0.123745748697864,0.592687566481973,0.508945099995308,-0.076078469635634,0.514634895394753,6.13459562416163,351.486438283884,81.4864382838842,1.42277908114718,0.399769833837148,241.675501336351,0.00808580560170259,0.485365104605247,"DB","North ","764","D"
"./764_10_B_Intensity_Chroma_Hue.txt","./764_10_B_Intensity_Chroma_Hue.txt",11557.7032118864,0.194940018679539,0.085883695910175,0.211507066672363,0.507669218737923,0.421785522827748,0.0165670479928239,0.4221464720373,0.0387101715551584,2.21792945433795,92.217929454338,1.6101543238059,0.444095202068217,396.197412283849,0.0124640952636024,0.5778535279627,"LR","North ","764","L"
"./764_11_B_Intensity_Chroma_Hue.txt","./764_11_B_Intensity_Chroma_Hue.txt",13244.6234249788,0.245311001421462,0.154620529285866,0.145866602226693,0.454201867065979,0.299581337780112,-0.0994443991947692,0.31581197415479,5.96138209422746,341.562034064094,71.5620340640938,1.24949583286513,1.06952840896354,359.327660493626,0.0100057906255676,0.68418802584521,"LB","North ","764","L"
"./764_15_A_Intensity_Chroma_Hue.txt","./764_15_A_Intensity_Chroma_Hue.txt",13256.8900953576,0.198005596258476,0.093530417571818,0.212504735359374,0.495959250810332,0.402428833238514,0.0144991391008973,0.402712419329447,0.0358133813506575,2.05195560148521,92.0519556014852,1.60725636764498,0.364780453343532,222.986156588479,0.00679752945446725,0.597287580670553,"LR","North ","764","L"
"./764_16_B_Intensity_Chroma_Hue.txt","./764_16_B_Intensity_Chroma_Hue.txt",12396.5025745017,0.195698973436761,0.0921629382472804,0.197797693288801,0.514340395027157,0.422177456779877,0.00209871985204009,0.422440557849671,1.57561914873667,90.2763273426069,90.2763273426069,1.57625333455345,1.20878855378954,489.261307003699,0.0121313510142519,0.577559442150329,"LR","North ","764","L"
"./764_18_C_Intensity_Chroma_Hue.txt","./764_18_C_Intensity_Chroma_Hue.txt",12542.4419996003,0.250930402163845,0.151769134911197,0.133741370724471,0.463559092200487,0.31178995728929,-0.117189031439375,0.333296615585675,5.92303214020763,339.364743554236,69.3647435542365,1.21113044301048,1.22520079046254,330.609394868528,0.0050784971194522,0.666703384414325,"LB","North ","764","L"
"./764_20_A_Intensity_Chroma_Hue.txt","./764_20_A_Intensity_Chroma_Hue.txt",11872.2973177093,0.183744795989882,0.10793249444321,0.215493210581734,0.492829498985173,0.384897004541963,0.0317484145918522,0.386288112405745,0.0826878518531853,4.73766492819052,94.7376649281905,1.65414970509539,0.712485837540738,359.521854472391,0.0119805463865452,0.613711887594255,"LR","North ","764","L"
"./764_24_C_Intensity_Chroma_Hue.txt","./764_24_C_Intensity_Chroma_Hue.txt",12748.0563617176,0.231151280917828,0.151691928245564,0.13541249646049,0.481744294376118,0.330052366130554,-0.0957387844573377,0.343731339373084,6.00025380968506,343.789219302247,73.7892193022473,1.28838319416622,0.713379945523063,224.26817311023,0.00859938704519625,0.656268660626916,"LB","North ","764","L"
"./764_25_B_Intensity_Chroma_Hue.txt","./764_25_B_Intensity_Chroma_Hue.txt",12800.2937674631,0.235068201646149,0.144416557488956,0.140090960388698,0.480424280476198,0.336007722987241,-0.0949772412574506,0.349234932828881,6.0071678389875,344.185364000707,74.185364000707,1.29530000636155,0.647852678223439,302.428867328046,0.00912543628105256,0.650765067171119,"LB","North ","764","L"
"./764_29_B_Intensity_Chroma_Hue.txt","./764_29_B_Intensity_Chroma_Hue.txt",13142.1987426785,0.231358732346538,0.152272552625469,0.145662696674464,0.470706018353529,0.31843346572806,-0.0856960356720737,0.330179380454122,6.01653575277896,344.7221059238,74.7221059238002,1.30467169073302,1.77249260317173,300.161122240169,0.0150780673005113,0.669820619545878,"LB","North ","764","L"
"./770_02_C_Intensity_Chroma_Hue.txt","./770_02_C_Intensity_Chroma_Hue.txt",16061.9473765276,0.263534087988002,0.178690908401317,0.14540562598564,0.41236937762504,0.233678469223723,-0.118128462002362,0.261911204349081,5.81385199544413,333.10918205266,63.1091820526605,1.10190635330042,0.823430627895724,337.628545664963,0.00986335829687647,0.738088795650919,"LB","North ","770","L"
"./770_03_C_Intensity_Chroma_Hue.txt","./770_03_C_Intensity_Chroma_Hue.txt",12250.8410992433,0.242309939301798,0.148212828186688,0.122721137872146,0.486756094639368,0.33854326645268,-0.119588801429652,0.359077284040973,5.9435449207108,340.540039303147,70.5400393031464,1.23165147989621,0.465853802081286,285.484933134981,0.00568326563034596,0.640922715959027,"LB","North ","770","L"
"./770_04_C_Intensity_Chroma_Hue.txt","./770_04_C_Intensity_Chroma_Hue.txt",14413.8823661981,0.246657408414506,0.168549368430552,0.138340260225644,0.446452962929299,0.277903594498747,-0.108317148188862,0.298469549444436,5.90897388147423,338.55926466151,68.5592646615098,1.19706652583588,1.24156120890866,561.501494232955,0.0180012995106804,0.701530450555564,"LB","North ","770","L"
"./770_07_C_Intensity_Chroma_Hue.txt","./770_07_C_Intensity_Chroma_Hue.txt",13499.3031917714,0.239004399694918,0.147649182117531,0.122273087507875,0.491073330679676,0.343424148562145,-0.116731312187043,0.362776435735892,5.95558451378678,341.229857173455,71.2298571734552,1.2436959189016,0.601975651204393,327.202111644894,0.00771936671580334,0.637223564264108,"LB","North ","770","L"
"./770_11_A_Intensity_Chroma_Hue.txt","./770_11_A_Intensity_Chroma_Hue.txt",14281.6119122165,0.251504132078477,0.170811657468828,0.13904283858679,0.438641371865905,0.267829714397077,-0.112461293491688,0.29055111362224,5.88509344063672,337.191016188609,67.1910161886086,1.17317647313444,0.715354612063852,367.790975494811,0.00618564529729728,0.70944888637776,"LB","North ","770","L"
"./770_16_C_Intensity_Chroma_Hue.txt","./770_16_C_Intensity_Chroma_Hue.txt",14342.340338278,0.252655948458277,0.166763326758716,0.136266367267656,0.44431435751535,0.277551030756634,-0.116389581190621,0.30114418554634,5.88512925049469,337.193067942335,67.1930679423354,1.17321229740586,1.15964148081923,603.890313620445,0.0117043076570182,0.69885581445366,"LB","North ","770","L"
"./770_20_C_Intensity_Chroma_Hue.txt","./770_20_C_Intensity_Chroma_Hue.txt",12185.8524790557,0.241362650867456,0.153282360338726,0.117467779945894,0.487887208847924,0.334604848509197,-0.123894870921561,0.356892736156272,5.9277376061818,339.634346895199,69.6343468951988,1.21583780293204,0.765237369641224,354.646146385313,0.00988728473427077,0.643107263843728,"LB","North ","770","L"
"./777_23_C_Intensity_Chroma_Hue.txt","./777_23_C_Intensity_Chroma_Hue.txt",11402.9821238024,0.240804445361598,0.140762836092262,0.127458486635643,0.490974231910496,0.350211395818234,-0.113345958725955,0.36811436486657,5.96997131898273,342.05416039186,72.0541603918598,1.2580885147785,0.348286246162244,236.911871818271,0.00608059696978481,0.63188563513343,"LB_Allo","Allopatry","777","L"
"./777_25_C_Intensity_Chroma_Hue.txt","./777_25_C_Intensity_Chroma_Hue.txt",13659.0281088636,0.248902912377974,0.149525938570625,0.133091350212859,0.468479798838542,0.318953860267917,-0.115811562165114,0.339361731985867,5.93453078655234,340.023567459902,70.023567459902,1.22263371755384,0.478861637807009,311.979052863252,0.00643751773760059,0.660638268014133,"LB_Allo","Allopatry","777","L"
"./777_26_A_Intensity_Chroma_Hue.txt","./777_26_A_Intensity_Chroma_Hue.txt",13117.8912743826,0.246500040136914,0.151177240395688,0.127293947816162,0.475028771651236,0.323851531255548,-0.119206092320752,0.345297364201842,5.92888383350945,339.700020883436,69.7000208834357,1.21698449161554,1.19283622975388,416.847285101127,0.011391002869506,0.654702635798158,"LB_Allo","Allopatry","777","L"
"./777_30_B_Intensity_Chroma_Hue.txt","./777_30_B_Intensity_Chroma_Hue.txt",14124.7363073881,0.257175383755886,0.159381447248025,0.161132035021431,0.422311133974658,0.262929686726633,-0.0960433487344553,0.279963499305975,5.93236785172383,339.899640422867,69.8996404228665,1.22046991214529,0.6049492406377,320.07543460536,0.0072420891971287,0.720036500694025,"LB_Allo","Allopatry","777","L"
"./778_01_B_Intensity_Chroma_Hue.txt","./778_01_B_Intensity_Chroma_Hue.txt",14844.2215598109,0.258038016229442,0.170183762342479,0.152304331612962,0.419473889815117,0.249290127472639,-0.105733684616481,0.270966600148251,5.87840501608359,336.807797690123,66.8077976901225,1.1664853564942,1.26657785910054,278.469300475821,0.0167587158128122,0.729033399851749,"LB_Allo","Allopatry","778","L"
"./778_03_A_Intensity_Chroma_Hue.txt","./778_03_A_Intensity_Chroma_Hue.txt",13726.8696217945,0.251858322797071,0.160656818260883,0.140794484744223,0.446690374197823,0.28603355593694,-0.111063838052848,0.306942670782308,5.91201978420929,338.733782033036,68.7337820330358,1.20011365454507,0.900570435110336,386.289597939702,0.00889881120782465,0.693057329217692,"LB_Allo","Allo","778","L"
"./778_09_C_Intensity_Chroma_Hue.txt","./778_09_C_Intensity_Chroma_Hue.txt",13593.2530613388,0.261384944767438,0.159163339359366,0.139215412206849,0.440236303666347,0.28107296430698,-0.122169532560589,0.306506826500955,5.87311460944887,336.504679718045,66.5046797180448,1.1611928204738,0.491829660408549,280.846959911262,0.00422706340583427,0.693493173499045,"LB_Allo","Allo","778","L"
"./778_11_C_Intensity_Chroma_Hue.txt","./778_11_C_Intensity_Chroma_Hue.txt",13913.1337140486,0.258571290370081,0.152827871840521,0.131413139710982,0.457187698078416,0.304359826237895,-0.127158150659099,0.330082390094992,5.88564415421494,337.222569752361,67.222569752361,1.17372740837456,1.283793654188,506.049753354724,0.0121155718464816,0.669917609905008,"LB_Allo","Allo","778","L"
"./778_15_A_Intensity_Chroma_Hue.txt","./778_15_A_Intensity_Chroma_Hue.txt",14451.6677232883,0.260426925824629,0.153897917366613,0.137775995912986,0.447899160895771,0.294001243529158,-0.122650929911643,0.318643065744504,5.88712386174045,337.307350748487,67.3073507484869,1.17520771148152,0.685636039307974,310.332378363788,0.00660827180576694,0.681356934255496,"LB_Allo","Allopatry","778","L"
"./785_05_A_Intensity_Chroma_Hue.txt","./785_05_A_Intensity_Chroma_Hue.txt",12395.8464533291,0.255248473945684,0.123280297207622,0.134752925342803,0.486718303503891,0.363438006296269,-0.120495548602881,0.382979122520003,5.96231605884288,341.615546294771,71.6155462947715,1.25043017340077,0.740852482250333,845.41084232711,0.0117117905724756,0.617020877479997,"LB_Allo","Allo","785","L"
"./785_09_Intensity_Chroma_Hue.txt","./785_09_Intensity_Chroma_Hue.txt",13593.6510181241,0.25880654116283,0.143326236837423,0.152366616586119,0.445500605413627,0.302174368576204,-0.106439924576711,0.320436430116373,5.94323030298514,340.522013035306,70.5220130353061,1.23133673553709,0.687922806436778,458.766521767254,0.0170390089758765,0.679563569883627,"LB_Allo","Allo","785","L"
"./785_12_B_Intensity_Chroma_Hue.txt","./785_12_B_Intensity_Chroma_Hue.txt",11538.3717614668,0.247652368049828,0.116214406361554,0.13079189059053,0.505341334998087,0.389126928636532,-0.116860477459298,0.406347209566348,5.99106028007851,343.262468856964,73.2624688569636,1.27918596416921,0.548670164441036,239.369106210265,0.0080354230784365,0.593652790433652,"LB_Allo","Allo","785","L"
"./785_13_B_Intensity_Chroma_Hue.txt","./785_13_B_Intensity_Chroma_Hue.txt",12840.71269107,0.262284658213066,0.145146362196665,0.139501175435832,0.453067804154437,0.307921441957773,-0.122783482777235,0.331590204959775,5.90280257325097,338.205674746243,68.2056747462426,1.19089273366455,0.810038526566403,415.696055787671,0.00949373764641992,0.668409795040225,"LB_Allo","Allopatry","785","L"
"./785_14_A_Intensity_Chroma_Hue.txt","./785_14_A_Intensity_Chroma_Hue.txt",14251.7050191435,0.259395894912899,0.164312017290325,0.153025759096536,0.42326632870024,0.258954311409915,-0.106370135816363,0.280116047691763,5.89108813736838,337.534487010793,67.5344870107933,1.17917358272814,1.18386409719747,548.35847938194,0.0140475939616801,0.719883952308237,"LB_Allo","Allopatry","785","L"
"./802_11_B_Intensity_Chroma_Hue.txt","./802_11_B_Intensity_Chroma_Hue.txt",7373.4137012183,0.0338718442871893,0.0118905827467513,0.13146222682976,0.822775346136299,0.810884763389547,0.097590382542571,0.816756457888339,0.119998392147175,6.87540141838895,96.875401418389,1.69147526286076,0.243567117394199,212.973204575255,0.0178245793203012,0.183243542111661,"DR_Sym","Sym","802","D"
"./802_12_C_Intensity_Chroma_Hue.txt","./802_12_C_Intensity_Chroma_Hue.txt",5739.15062256873,0.0194381166799212,0.0110274137795696,0.103249069939917,0.866285399600592,0.855257985821023,0.0838109532599954,0.859390151759063,0.0978919268858398,5.60879425896186,95.6087942589619,1.66935989975965,0.31488715398256,164.776380573024,0.0131277432775646,0.140609848240937,"DR_Sym","Sym","802","D"
"./802_14_A_Intensity_Chroma_Hue.txt","./802_14_A_Intensity_Chroma_Hue.txt",6676.08222449021,0.0444579966751441,0.0167715872988487,0.118652618893548,0.82011779713246,0.803346209833611,0.0741946222184035,0.806830490573348,0.0920939690248452,5.27659574373217,95.2765957437322,1.6635596082239,0.437689780350433,242.891096878833,0.0123508626125338,0.193169509426652,"DR_Sym","Sym","802","D"
"./831_16_Intensity_Chroma_Hue.txt","./831_16_Intensity_Chroma_Hue.txt",8101.26406192388,0.0663793381563019,0.0353054407510022,0.152515415766231,0.745799805326465,0.710494364575463,0.0861360776099291,0.715716545063262,0.120769937848782,6.91960773079248,96.9196077307925,1.69224711910907,0.260664830037111,372.111613387718,0.0192463571703523,0.284283454936738,"DR_Sym","Sym","831","D"
"./831_17_Intensity_Chroma_Hue.txt","./831_17_Intensity_Chroma_Hue.txt",8734.51080247571,0.0896391809381631,0.0278286160100147,0.170242807591358,0.712289395460464,0.68446077945045,0.0806036266531948,0.689198126433754,0.117178711566298,6.71384562152971,96.7138456215297,1.68865444736004,0.162414836984129,418.525996665245,0.0174374897510619,0.310801873566246,"DR_Sym","Sym","831","D"
"./831_19_Intensity_Chroma_Hue.txt","./831_19_Intensity_Chroma_Hue.txt",7621.56602809668,0.0844087822704298,0.03579940421556,0.158952474703527,0.720839338810483,0.685039934594923,0.074543692433097,0.689092748388545,0.108409408410616,6.21140156143833,96.2114015614383,1.6798816145648,0.17416995189412,222.333864290531,0.0167690195259063,0.310907251611455,"DR_Sym","Sym","831","D"
"./831_21_Intensity_Chroma_Hue.txt","./831_21_Intensity_Chroma_Hue.txt",8659.48801209259,0.0784094105627781,0.0308021611086069,0.167194545775656,0.72359388255296,0.692791721444353,0.0887851352128773,0.698462974541425,0.127533484632295,7.30713041602705,97.307130416027,1.69901338821635,0.134577297424203,168.877600174732,0.0124996422330497,0.301537025458575,"DR_Sym","Sym","831","D"
"./831_22_Intensity_Chroma_Hue.txt","./831_22_Intensity_Chroma_Hue.txt",7363.85518745368,0.0690143069498185,0.0413344336554735,0.152801939928868,0.73684931946584,0.695514885810366,0.0837876329790495,0.700562778965851,0.120055470982242,6.8786717947378,96.8786717947378,1.69153236467003,0.25613333590937,397.256104679336,0.0208689162934563,0.299437221034149,"DR_Sym","Sym","831","D"
"./Ind671_01_06_Reflectance_Intensity_Chroma_Hue.txt","./Ind671_01_06_Reflectance_Intensity_Chroma_Hue.txt",8709.31758797487,0.0883183990071969,0.0352588520176378,0.160844236030437,0.715578512944728,0.680319660927091,0.0725258370232399,0.684181685130189,0.106146825139347,6.08176508919773,96.0817650891977,1.67761812060504,0.156640572912497,329.973950508748,0.0152983868643607,0.315818314869811,"DR","South","671","D"
"./Ind671_02_07_Reflectance_Intensity_Chroma_Hue.txt","./Ind671_02_07_Reflectance_Intensity_Chroma_Hue.txt",7424.31531203287,0.113705224299047,0.0560821048667975,0.153856052664359,0.676356618169796,0.620274513302999,0.040150828365313,0.621632896162242,0.0648301758620143,3.71449546198432,93.7144954619843,1.63628484139973,0.482841478169356,306.310324415501,0.0108440162921483,0.378367103837758,"DR","South","671","D"
"./Ind671_11_05_Reflectance_Intensity_Chroma_Hue.txt","./Ind671_11_05_Reflectance_Intensity_Chroma_Hue.txt",7140.45268524448,0.0491908480510666,0.0108700927125143,0.139507906179567,0.800431153056852,0.789561060344337,0.0903170581285007,0.794728225901928,0.11421225517418,6.54388019015168,96.5438801901517,1.6856867969709,0.236611581952189,393.685828392386,0.0258847372897745,0.205271774098072,"DR","South","671","D"
"./Ind671_12_05_Reflectance_Intensity_Chroma_Hue.txt","./Ind671_12_05_Reflectance_Intensity_Chroma_Hue.txt",7150.45894052879,0.0641198639385385,0.0217528144262195,0.159630536557906,0.754496785077336,0.732743970651116,0.0955106726193677,0.738946308797659,0.129659317635025,7.42893167503312,97.4289316750331,1.70114007686566,0.110895646578028,263.895751875927,0.0123547072368644,0.261053691202341,"DR","South","671","D"
"./Ind671_13_05_Reflectance_Intensity_Chroma_Hue.txt","./Ind671_13_05_Reflectance_Intensity_Chroma_Hue.txt",10021.7017656152,0.112840136726936,0.0337315522715461,0.194946369500565,0.658481941500953,0.624750389229407,0.0821062327736291,0.630190194191061,0.13004805011463,7.45120440547412,97.4512044054741,1.70152896580987,0.516668554340542,327.655181912917,0.0186578655489129,0.369809805808939,"DR","South","671","D"
"./Ind671_14_10_Reflectance_Intensity_Chroma_Hue.txt","./Ind671_14_10_Reflectance_Intensity_Chroma_Hue.txt",8642.54541941207,0.0983836484198367,0.0413653857009718,0.182064930159215,0.678186035719976,0.636820650019004,0.0836812817393789,0.642345542500819,0.130768468817128,7.49248135660952,97.4924813566095,1.70224967448048,0.439129359126748,440.938733761852,0.023614017018,0.357654457499181,"DR","South","671","D"
"./Ind671_16_06_Reflectance_Intensity_Chroma_Hue.txt","./Ind671_16_06_Reflectance_Intensity_Chroma_Hue.txt",9228.36166104936,0.101768483943712,0.038386567175546,0.176151610416812,0.68369333846393,0.645306771288384,0.0743831264731001,0.649682877272879,0.114266508403547,6.5469886712194,96.5469886712194,1.68574107203716,0.610002171969268,272.795077543554,0.016281179902554,0.350317122727121,"DR","South","671","D"
"./Ind671_17_07_Reflectance_Intensity_Chroma_Hue.txt","./Ind671_17_07_Reflectance_Intensity_Chroma_Hue.txt",9149.21342039955,0.108404816417496,0.034894693879272,0.187374646109922,0.669325843593311,0.634431149714038,0.0789698296924264,0.639336797432086,0.124037836184871,7.10684451332821,97.1068445133282,1.6955163327724,0.190917947748441,296.208311961043,0.0186798759329128,0.360663202567914,"DR","South","671","D"
"./Ind671_18_08_Reflectance_Intensity_Chroma_Hue.txt","./Ind671_18_08_Reflectance_Intensity_Chroma_Hue.txt",8195.60482865674,0.0735305690198284,0.0269598856537142,0.165950983882577,0.73355856144388,0.706598675790166,0.092420414862749,0.712641377298965,0.130499261961664,7.47705693997545,97.4770569399754,1.70198035926941,0.287175001756642,310.202733764415,0.0277136512490241,0.287358622701035,"DR","South","671","D"
"./Ind671_21_05_Reflectance_Intensity_Chroma_Hue.txt","./Ind671_21_05_Reflectance_Intensity_Chroma_Hue.txt",7961.71280420588,0.0882209061284278,0.0339220322926443,0.145013717739545,0.732843343839382,0.698921311546738,0.0567928116111175,0.701230347363533,0.0811101151004667,4.64726727107707,94.6472672710771,1.65257133330452,0.130351616947292,230.338106549905,0.00886707239032076,0.298769652636467,"DR","South","671","D"
"./Ind672_02_08_Reflectance_Intensity_Chroma_Hue.txt","./Ind672_02_08_Reflectance_Intensity_Chroma_Hue.txt",7502.01614406843,0.0771201619913538,0.0274145163624652,0.145387961850464,0.750077359795717,0.722662843433252,0.0682677998591101,0.725902211401887,0.0944288054210387,5.41037201508759,95.4103720150876,1.66589538439042,0.266009329097968,372.641847745323,0.0264507707119273,0.274097788598113,"DR","South","672","D"
"./Ind672_03_05_Reflectance_Intensity_Chroma_Hue.txt","./Ind672_03_05_Reflectance_Intensity_Chroma_Hue.txt",9076.59145054013,0.105036998321429,0.0264150426796621,0.161613227383271,0.706934731615637,0.680519688935975,0.0565762290618423,0.682879116748077,0.0828060338427128,4.74443625740491,94.7444362574049,1.6542679346531,0.200605568749302,209.242608448187,0.0182257829436232,0.317120883251923,"DR","South","672","D"
"./Ind672_04_05_Reflectance_Intensity_Chroma_Hue.txt","./Ind672_04_05_Reflectance_Intensity_Chroma_Hue.txt",7503.98175915958,0.0600159270736594,0.0185336220929562,0.15362272663585,0.767827724197534,0.749294102104578,0.0936067995621911,0.755129443689969,0.124411290345373,7.12824186056656,97.1282418605665,1.69588993724799,0.185081166348833,378.146172560222,0.0159981510844712,0.244870556310031,"DR","South","672","D"
"./Ind672_06_05_Reflectance_Intensity_Chroma_Hue.txt","./Ind672_06_05_Reflectance_Intensity_Chroma_Hue.txt",7942.37957209607,0.104424610269048,0.037141313954611,0.162043650514814,0.696390425261528,0.659249111306917,0.0576190402457663,0.662021770937156,0.0860236426116172,4.92879165998741,94.9287916599874,1.65748683850772,0.96717269684617,323.656509544714,0.0235176960021841,0.337978229062844,"DR","South","672","D"
"./Ind672_07_09_Reflectance_Intensity_Chroma_Hue.txt","./Ind672_07_09_Reflectance_Intensity_Chroma_Hue.txt",8679.73861672043,0.0857809995056158,0.0287423807210395,0.162704933210645,0.722771686562699,0.69402930584166,0.0769239337050296,0.698355716226196,0.111880284747978,6.410268126781,96.410268126781,1.68335388792792,0.508123240879993,746.181628532426,0.0462880898627835,0.301644283773804,"DR","South","672","D"
"./Ind673_05_06_Reflectance_Intensity_Chroma_Hue.txt","./Ind673_05_06_Reflectance_Intensity_Chroma_Hue.txt",15070.1064364092,0.220980054753722,0.11504023468101,0.218716999545633,0.445262711019634,0.330222476338624,-0.00226305520808889,0.330267625263772,3.6584452348121,209.613471534481,89.6134715344808,1.56467966171316,0.522255455759775,528.397164687745,0.0114055645244828,0.669732374736228,"LR","South","673","L"
"./Ind673_06_06_Reflectance_Intensity_Chroma_Hue.txt","./Ind673_06_06_Reflectance_Intensity_Chroma_Hue.txt",15340.0638105952,0.214516590463357,0.130691000992569,0.222650289201854,0.432142119342221,0.301451118349652,0.00813369873849693,0.301686970076709,1.59762940922553,91.5374223746018,91.5374223746018,1.59827245415971,0.988297589121231,402.095723972442,0.0127134789903888,0.698313029923291,"LR","South","673","L"
"./Ind673_07_01_Intensity_Chroma_Hue.txt","./Ind673_07_01_Intensity_Chroma_Hue.txt",15514.1454692718,0.261151105129848,0.173007448402951,0.161476741709569,0.404364704757632,0.23135725635468,-0.099674363420279,0.252003239860956,5.87568001089286,336.651666393543,66.6516663935426,1.16375925449043,0.69637345669445,421.159854115989,0.00544853906931114,0.747996760139044,"LB","South","673","L"
"./Ind673_08_06_Reflectance_Intensity_Chroma_Hue.txt","./Ind673_08_06_Reflectance_Intensity_Chroma_Hue.txt",14521.3445701377,0.270906850756239,0.137988852872595,0.135064934640457,0.45603936173071,0.318050508858115,-0.135841916115782,0.346005857976715,5.87820304222716,336.796225440577,66.7962254405772,1.16628330134341,1.04221583579332,499.423368266915,0.00994120348054759,0.653994142023285,"LB","South","673","L"
"./Ind673_09_07_Reflectance_Intensity_Chroma_Hue.txt","./Ind673_09_07_Reflectance_Intensity_Chroma_Hue.txt",13917.7769993208,0.215370419507934,0.107999291236634,0.195602000562288,0.481028288693144,0.37302899745651,-0.0197684189456453,0.373611974519839,6.23007104880738,356.956777163305,86.956777163305,1.51829293459739,0.589398264480534,491.084545248859,0.013299254432785,0.626388025480161,"LR","South","673","L"
"./Ind673_10_01_Reflectance_Intensity_Chroma_Hue.txt","./Ind673_10_01_Reflectance_Intensity_Chroma_Hue.txt",13592.1788460805,0.256917215580936,0.169261983019133,0.136894782705236,0.436926018694695,0.267664035675563,-0.120022432875701,0.29348648980455,5.85882609068529,335.686007897399,65.6860078973987,1.1468985505895,1.05215080518718,583.104374380157,0.0193944666542815,0.70651351019545,"LB","South","673","L"
"./Ind673_12_08_Reflectance_Intensity_Chroma_Hue.txt","./Ind673_12_08_Reflectance_Intensity_Chroma_Hue.txt",14337.6968389587,0.262012189645934,0.149316253296353,0.148672131149164,0.439999425908548,0.290683172612195,-0.113340058496769,0.312074456311349,5.91053818033908,338.648892384363,68.6488923843628,1.19863145433014,0.762191256818208,409.328241621092,0.0095751975530174,0.687925543688652,"LB","South","673","L"
"./Ind673_14_01_Reflectance_Intensity_Chroma_Hue.txt","./Ind673_14_01_Reflectance_Intensity_Chroma_Hue.txt",12322.1657743995,0.19146996942046,0.0969784602378899,0.211142498778586,0.500409071563065,0.403430611325175,0.0196725293581266,0.403934924595945,0.0487707207714008,2.79435646401228,92.7943564640123,1.62021892238752,0.385810310485093,394.81500545664,0.0104137130848921,0.596065075404055,"LR","South","673","L"
"./Ind673_15_07_Reflectance_Intensity_Chroma_Hue.txt","./Ind673_15_07_Reflectance_Intensity_Chroma_Hue.txt",14840.4838734338,0.214970860592098,0.107024719704561,0.22073005862607,0.457274361077271,0.35024964137271,0.00575919803397195,0.350376748713849,1.06295105319491,60.9026091770542,90.9026091770542,1.58718841420253,0.754249049343359,265.38115918838,0.00773988092111356,0.649623251286151,"LR","South","673","L"
"./Ind673_16_10_Reflectance_Intensity_Chroma_Hue.txt","./Ind673_16_10_Reflectance_Intensity_Chroma_Hue.txt",12197.0919787806,0.255734937933128,0.124721200927905,0.125301662633126,0.494242198505841,0.369520997577936,-0.130433275300002,0.392002358985195,5.94291146553784,340.503744995225,70.5037449952251,1.2310177697579,0.915258131209465,312.525722064439,0.00989108716879038,0.607997641014805,"DB","South","673","D"
"./Ind673_18_05_Reflectance_Intensity_Chroma_Hue.txt","./Ind673_18_05_Reflectance_Intensity_Chroma_Hue.txt",10294.9120112705,0.239364198077118,0.0958094726414101,0.116067023032773,0.5487593062487,0.452949833607289,-0.123297175044345,0.46952610503314,6.01687394279362,344.741482784314,74.7414827843137,1.30501001686897,0.699019612713464,325.802062297704,0.0115558732315128,0.53047389496686,"DB","South","673","D"
"./Ind673_19_06_Reflectance_Intensity_Chroma_Hue.txt","./Ind673_19_06_Reflectance_Intensity_Chroma_Hue.txt",9577.2639626621,0.207342995227903,0.0700551652555155,0.111503968216267,0.611097871300314,0.541042706044799,-0.0958390270116363,0.54963917893328,6.106817984058,349.894896741113,79.8948967411133,1.39499026055912,0.882347341800814,421.108513533199,0.0152539001926228,0.45036082106672,"DB","South","673","D"
"./Ind673_20_05_Reflectance_Intensity_Chroma_Hue.txt","./Ind673_20_05_Reflectance_Intensity_Chroma_Hue.txt",14205.1503431874,0.254134389829719,0.152104727922755,0.143382214925658,0.450378667321868,0.298273939399113,-0.110752174904061,0.318300739423545,5.9262685136091,339.550174091069,69.550174091069,1.21436811905041,0.940400505851438,417.258357928685,0.0104052671548797,0.681699260576455,"LB","South","673","L"
"./Ind673_21_08_Reflectance_Intensity_Chroma_Hue.txt","./Ind673_21_08_Reflectance_Intensity_Chroma_Hue.txt",15581.7913672811,0.265781507710367,0.164967992908237,0.156919506109733,0.412330993271663,0.247363000363426,-0.108862001600633,0.270303254743857,5.86691885339856,336.14968904547,66.1496890454697,1.15499457063518,0.60595250573196,751.062561458829,0.0168507776656455,0.729696745256143,"LB","South","673","L"
"./Ind673_26_06_Reflectance_Intensity_Chroma_Hue.txt","./Ind673_26_06_Reflectance_Intensity_Chroma_Hue.txt",13549.358206806,0.205238871666071,0.109731794311097,0.211781289476773,0.473248044546059,0.363516250234961,0.00654241781070263,0.36367132756184,1.58713007240108,90.9358546868747,90.9358546868747,1.58776889135813,0.828986857974667,594.306828681823,0.0158147478583479,0.63632867243816,"LR","South","673","L"
"./Ind674_01_05_Reflectance_Intensity_Chroma_Hue.txt","./Ind674_01_05_Reflectance_Intensity_Chroma_Hue.txt",11269.3017610638,0.231121447485745,0.103053015040467,0.133404310801826,0.532421226671963,0.429368211631496,-0.0977171366839192,0.440435216484652,6.05891106860595,347.15003267622,77.1500326762206,1.34706406260068,0.708053791062351,293.700086317395,0.0118567367626809,0.559564783515349,"DB","South","674","D"
"./Ind674_03_05_Reflectance_Intensity_Chroma_Hue.txt","./Ind674_03_05_Reflectance_Intensity_Chroma_Hue.txt",11114.4373852708,0.249468334507538,0.124413080588484,0.128784451788015,0.497334133115963,0.372921052527478,-0.120683882719522,0.392100774754103,5.96912608545728,342.005732078149,72.0057320781486,1.25724294104704,0.912069814705726,232.039296502567,0.012097496553,0.607899225245897,"DB","South","674","D"
"./Ind674_04_05_Reflectance_Intensity_Chroma_Hue.txt","./Ind674_04_05_Reflectance_Intensity_Chroma_Hue.txt",13667.4266478366,0.275164903561223,0.160444924321135,0.137235779879251,0.427154392238391,0.266709467917256,-0.137929123681971,0.3003243389922,5.80568713897894,332.641370236875,62.6413702368752,1.09373821048512,0.697772339410042,328.53600890604,0.00386672262056083,0.6996756610078,"LB","South","674","L"
"./Ind674_05_06_Reflectance_Intensity_Chroma_Hue.txt","./Ind674_05_06_Reflectance_Intensity_Chroma_Hue.txt",10301.3797044632,0.217987478727778,0.0785403456769346,0.10970686173169,0.593765313863597,0.515224968186663,-0.108280616996088,0.526532261412588,6.07564896413179,348.109043447782,78.1090434477822,1.36380869512001,0.425967849329143,381.998198568939,0.00977606580798023,0.473467738587412,"DB","South","674","D"
"./Ind674_06_01_Reflectance_Intensity_Chroma_Hue.txt","./Ind674_06_01_Reflectance_Intensity_Chroma_Hue.txt",14501.7041623288,0.217349924392239,0.127525236830684,0.211842205159593,0.443282633617485,0.315757396786801,-0.00550771923264557,0.315907059374844,3.98020538507052,228.048970159783,88.9580610688741,1.55323598691685,0.930811391646555,773.786891501683,0.0101164613741559,0.684092940625156,"LR","South","674","L"
"./Ind674_07_10_Reflectance_Intensity_Chroma_Hue.txt","./Ind674_07_10_Reflectance_Intensity_Chroma_Hue.txt",10900.8876131739,0.2365881857112,0.106455521930614,0.110992880721618,0.545963411636568,0.439507889705954,-0.125595304989582,0.457134793202356,6.00465743220656,344.041528287298,74.0415282872982,1.2927885891433,0.418691223216124,310.204892637945,0.00796664553226937,0.542865206797644,"DB","South","674","D"
"./Ind674_08_05_Reflectance_Intensity_Chroma_Hue.txt","./Ind674_08_05_Reflectance_Intensity_Chroma_Hue.txt",10450.3458599445,0.225626657506521,0.0969458796381462,0.125493045635709,0.551934417219623,0.454988537581477,-0.100133611870811,0.465964725333551,6.06631647452745,347.574331181103,77.5743311811033,1.35447244919387,0.641901424040755,400.96538325204,0.00677670605726383,0.534035274666449,"DB","South","674","D"
"./Ind674_09_07_Reflectance_Intensity_Chroma_Hue.txt","./Ind674_09_07_Reflectance_Intensity_Chroma_Hue.txt",10366.0703382992,0.23210061847007,0.116811549387684,0.113699593000059,0.537388239142187,0.420576689754504,-0.11840102547001,0.437107436182739,6.00696618171647,344.173809890169,74.1738098901687,1.29509826792358,0.98633110326029,542.662119530417,0.0193931587900394,0.562892563817261,"DB","South","674","D"
"./Ind674_10_02_Intensity_Chroma_Hue.txt","./Ind674_10_02_Intensity_Chroma_Hue.txt",15289.648884669,0.229994107920618,0.128836663127638,0.220982488893526,0.420186740058217,0.291350076930579,-0.0090116190270914,0.291513269988942,6.25195171889815,358.210447212424,88.2104472124244,1.5401824116455,0.441019051026178,179.216223278354,0.00717725144318816,0.708486730011058,"LR","South","674","L"
"./Ind674_11_02_Intensity_Chroma_Hue.txt","./Ind674_11_02_Intensity_Chroma_Hue.txt",9328.02284768489,0.173405960414033,0.0805189108981025,0.107688353565897,0.638386775121968,0.557867864223866,-0.0657176068481357,0.561849756893553,6.16469735549053,353.211140445067,83.2111404450672,1.45289292840594,0.73099978209312,371.949972434856,0.020150997969928,0.438150243106447,"DB","South","674","D"
"./Ind674_15_02_Intensity_Chroma_Hue.txt","./Ind674_15_02_Intensity_Chroma_Hue.txt",14710.1904294914,0.25152358035436,0.167866953073055,0.140141072896551,0.440468393676034,0.27260144060298,-0.11138250745781,0.294500896396998,5.89485713267589,337.750434534919,67.7504345349188,1.18294409505414,0.426332543408555,367.777781478835,0.0129730459494189,0.705499103603002,"LB","South","674","L"
"./Ind675_01_01_Intensity_Chroma_Hue.txt","./Ind675_01_01_Intensity_Chroma_Hue.txt",15142.1919463352,0.245926917247011,0.181834692138192,0.155408487175392,0.416829903439405,0.234995211301213,-0.0905184300716189,0.251897285145308,5.91555457520397,338.936310638492,68.9363106384923,1.20364986829114,0.817577528418666,272.513599889162,0.00740075861463482,0.748102714854692,"LB","South","675","L"
"./Ind675_02_31_Intensity_Chroma_Hue.txt","./Ind675_02_31_Intensity_Chroma_Hue.txt",14388.1323046142,0.258502054098554,0.169477621976511,0.143775558783575,0.42824476514136,0.258767143164849,-0.114726495314979,0.283084786084894,5.86575144105553,336.082801245262,66.0828012452625,1.15382668840934,0.460312040687891,337.313927220718,0.00407979380412259,0.716915213915106,"LB","South","675","L"
"./Ind675_03_08_Reflectance_Intensity_Chroma_Hue.txt","./Ind675_03_08_Reflectance_Intensity_Chroma_Hue.txt",11390.5659573201,0.246752783801457,0.118156711588552,0.128871336035491,0.5062191685745,0.388062456985948,-0.117881447765967,0.405847036339041,5.98569248455751,342.954916828321,72.954916828321,1.27381600811354,1.35936184730183,666.338426878665,0.0190153564580367,0.594152963660959,"DB","South","675","D"
"./Ind675_07_01_Intensity_Chroma_Hue.txt","./Ind675_07_01_Intensity_Chroma_Hue.txt",15429.8826529534,0.261173206157797,0.184427895555584,0.159381404078431,0.395017494208188,0.210589598652604,-0.101791802079366,0.233986781184528,5.83187483237443,334.141814543619,64.141814543619,1.11993644441239,0.94619679803974,276.61413187259,0.00596534725936817,0.766013218815472,"LB","South","675","L"
"./Ind675_10_05_Reflectance_Intensity_Chroma_Hue.txt","./Ind675_10_05_Reflectance_Intensity_Chroma_Hue.txt",13740.147548455,0.260114924754855,0.167843363232139,0.141803652743362,0.430238059269643,0.262394696037504,-0.118311272011493,0.287938682025845,5.85905467000536,335.699104527723,65.6991045277225,1.14712722191261,0.95861196032224,561.529762894744,0.011122622680729,0.712061317974155,"LB","South","675","L"
"./Ind675_12_05_Reflectance_Intensity_Chroma_Hue.txt","./Ind675_12_05_Reflectance_Intensity_Chroma_Hue.txt",14459.5897481309,0.27228607885722,0.17404727440515,0.141463264544719,0.412203382192912,0.238156107787762,-0.130822814312501,0.271909298616334,5.77865896263044,331.092769804171,61.0927698041709,1.06669915531092,1.26719345545542,505.22508321545,0.0107643301784435,0.728090701383666,"LB","South","675","L"
"./Ind675_14_05_Reflectance_Intensity_Chroma_Hue.txt","./Ind675_14_05_Reflectance_Intensity_Chroma_Hue.txt",14349.2744849144,0.249313245226072,0.181735602007151,0.145596875813254,0.423354276953523,0.241618674946373,-0.103716369412819,0.263004254700906,5.87711749381171,336.734028097915,66.734028097915,1.16519731599534,0.77038744036054,334.774190985926,0.00737332656906203,0.736995745299094,"LB","South","675","L"
"./Ind678_02_32_Intensity_Chroma_Hue.txt","./Ind678_02_32_Intensity_Chroma_Hue.txt",15021.9035841884,0.276147995589726,0.173373752273334,0.141025596120348,0.409452656016592,0.236078903743258,-0.135122399469378,0.272154922283536,5.76196394976134,330.136216027855,60.1362160278549,1.04999742270858,0.866132840347795,372.030509601643,0.00804388839721802,0.727845077716464,"LB","South","678","L"
"./Ind678_03_01_Reflectance_Intensity_Chroma_Hue.txt","./Ind678_03_01_Reflectance_Intensity_Chroma_Hue.txt",14299.016286834,0.25477762089518,0.182857176105752,0.153349891234853,0.409015311764215,0.226158135658463,-0.101427729660327,0.248355056598941,5.86028213420944,335.76943304612,65.7694330461197,1.14835518017034,2.14797633934171,591.437150880018,0.0117035936756829,0.751644943401059,"LB","South","678","L"
"./Ind678_05_06_Reflectance_Intensity_Chroma_Hue.txt","./Ind678_05_06_Reflectance_Intensity_Chroma_Hue.txt",14783.5455827547,0.254995386933055,0.17010148222258,0.149259808787068,0.425643322057297,0.255541839834717,-0.105735578145986,0.276808875606525,5.88946559570764,337.441522221549,67.4415222215488,1.1775503879953,1.49911778357297,454.162377367054,0.00873221598391664,0.723191124393475,"LB","South","678","L"
"./Ind678_07_06_Reflectance_Intensity_Chroma_Hue.txt","./Ind678_07_06_Reflectance_Intensity_Chroma_Hue.txt",10212.7997052505,0.211680346912833,0.0803368208660315,0.14340469346698,0.564578138754156,0.484241317888125,-0.0682756534458531,0.48910245154539,6.14231780697208,351.928886767552,81.9288867675517,1.43050437213186,0.587153914084103,289.254887424332,0.0194443895903642,0.51089754845461,"DB","South","678","D"
"./Ind678_08_07_Reflectance_Intensity_Chroma_Hue.txt","./Ind678_08_07_Reflectance_Intensity_Chroma_Hue.txt",14329.1037506833,0.223620835160654,0.113158865872284,0.205392660850429,0.457827638116633,0.344668772244349,-0.0182281743102247,0.345209264374388,6.22967282161638,356.933960425974,86.9339604259736,1.51789454712017,0.58351615782741,452.895321502759,0.00828777392776057,0.654790735625612,"LR","South","678","L"
"./Ind678_09_09_Reflectance_Intensity_Chroma_Hue.txt","./Ind678_09_09_Reflectance_Intensity_Chroma_Hue.txt",12561.9588500095,0.264705763178372,0.124608417270983,0.133032942289351,0.477652877261294,0.353044459990311,-0.13167282088902,0.376967219621306,5.92501315836711,339.478247533914,69.4782475339137,1.21311225852865,1.01525743544599,535.717982542127,0.0115399232354066,0.623032780378694,"DB","South","678","D"
"./Ind678_13_08_Reflectance_Intensity_Chroma_Hue.txt","./Ind678_13_08_Reflectance_Intensity_Chroma_Hue.txt",14638.7580977447,0.218006471629049,0.120329719128762,0.221913182571353,0.439750626670835,0.319420907542073,0.00390671094230413,0.319485280848779,1.58247190508998,90.6689613596828,90.6689613596828,1.58310884913732,0.551583276395747,388.99663791139,0.0132512032241779,0.680514719151221,"LR","South","678","L"
"./Ind678_16_32_Intensity_Chroma_Hue.txt","./Ind678_16_32_Intensity_Chroma_Hue.txt",14389.4945532351,0.251949134802449,0.165175120622282,0.139007148721304,0.443868595853965,0.278693475231683,-0.112941986081145,0.300798970314176,5.8963942022343,337.838502133434,67.8385021334337,1.18448178328218,0.6310949575843,559.541511024337,0.0113177569772064,0.699201029685824,"LB","South","678","L"
"./Ind678_17_08_Reflectance_Intensity_Chroma_Hue.txt","./Ind678_17_08_Reflectance_Intensity_Chroma_Hue.txt",14905.9600040817,0.257897118231591,0.164306414917876,0.158349806113253,0.41944666073728,0.255140245819405,-0.0995473121183379,0.273936895136274,5.91045752481542,338.644271163263,68.6442711632628,1.19855076634268,0.749720288668194,612.15537695208,0.00607843468782563,0.726063104863726,"LB","South","678","L"
"./Ind678_18_08_Reflectance_Intensity_Chroma_Hue.txt","./Ind678_18_08_Reflectance_Intensity_Chroma_Hue.txt",13714.6152129952,0.26486590395813,0.16472844485752,0.149427286491484,0.420978364692867,0.256249919835347,-0.115438617466646,0.281160026696348,5.85875952235846,335.682193813222,65.6821938132217,1.14683195546895,0.954339396242493,459.799908935769,0.00960829058659287,0.718839973303651,"LB","South","678","L"
"./Ind678_20_08_Reflectance_Intensity_Chroma_Hue.txt","./Ind678_20_08_Reflectance_Intensity_Chroma_Hue.txt",10798.2651590927,0.227910516288932,0.0851917912791426,0.126600187569713,0.560297504862213,0.47510571358307,-0.10131032871922,0.485884181936639,6.07247412036588,347.927138299382,77.9271382993819,1.36063257348127,0.688095507035817,329.977488257271,0.0115318291754227,0.514115818063361,"DB","South","678","D"
"./Ind678_22_09_Reflectance_Intensity_Chroma_Hue.txt","./Ind678_22_09_Reflectance_Intensity_Chroma_Hue.txt",15594.1858136286,0.232804533518882,0.102644444326811,0.206278439578904,0.458272582575403,0.355628138248591,-0.0265260939399774,0.356780197108242,6.20576428833558,355.564102374635,85.5641023746355,1.49397639066824,0.990481802275441,887.468110360419,0.0224080255111402,0.643219802891758,"LR","South","678","L"
