"Sample","Av_Total_Int","Av_Blue_Int_Percent","Av_Green_Int_Percent","Av_Yellow_Int_Percent","Av_Red_Int_Percent","Av-LM","AV_MS","Av_Chroma","Av_Hue_radians","Av_Hue_degrees","Av_Adjust_Hue_degrees","Av_Adjust_Radians","Adjust_Hue_degrees_2SE","Total_Int_2SE","Chroma_2SE","Reverse_Chroma","Treatment","Categorical_Hue","Individual","Intensity_Axis","ddct","PDS_ddct","PDS_Treatment"
"./2020_01_01_06_Intensity_Chroma_Hue.txt",16489.3214677036,0.200835426974499,0.137857275358044,0.215208201823368,0.44609909584409,0.308241820486045,0.0143727748488691,0.308660316233102,0.0471261716343519,2.7001307392575,92.7001307392575,1.61857371132037,0.803780002228859,253.310653622789,0.00910936412515106,0.691339683766898,"Light","Red","2020_01_01_06",1.87188003361844e-05,0.678014715,0.93,"Untreated"
"./2020_01_08_42_Intensity_Chroma_Hue.txt",16186.6840773545,0.253333805209112,0.174493539365745,0.153361156439227,0.418811498985916,0.244317959620171,-0.0999726487698852,0.264033989992882,5.89370534052528,337.684441705812,67.6844417058124,1.18179183930784,0.686331876870214,830.549520902159,0.016565594675029,0.735966010007118,"Light","Blue","2020_01_08_42",1.63118022648178e-05,0.591960644,1.04,"Untreated"
"./2020_01_11_03_Intensity_Chroma_Hue.txt",15782.4291994482,0.200467780502782,0.139395165398099,0.212965366552881,0.447171687546238,0.307776522148139,0.0124975860500997,0.308037222990165,0.0403391002091562,2.31126019133995,92.3112601913399,1.61178390810276,0.23371834395245,447.600786675048,0.0134042611366228,0.691962777009835,"Light","Red","2020_01_11_03",1.9517731972524e-05,0.325559758,0.54,"Untreated"
"./2020_01_15_04_Intensity_Chroma_Hue.txt",16366.5353894153,0.19850777026121,0.131236495822126,0.213982112741049,0.456273621175615,0.325037125353489,0.0154743424798384,0.325414338024243,0.0474693841376864,2.71979536717469,92.7197953671747,1.61891706196654,0.260980032664593,564.716066094456,0.0101653992367732,0.674585661975757,"Light","Red","2020_01_15_04",1.98829092585286e-05,0.089715814,NA,NA
"./2020_01_20_05_Intensity_Chroma_Hue.txt",16226.1848133519,0.200808447348983,0.126634632844341,0.210100419843015,0.46245649996366,0.33582186711932,0.00929197249403196,0.335956777756318,0.0274273579333484,1.57147185277552,91.5714718527755,1.59886696885799,0.213210750607343,496.14703198721,0.0190936463276891,0.664043222243682,"Light","Red","2020_01_20_05",2.07046068820733e-05,0.490864793,0.73,"Untreated"
"./2020_02_12_31_Intensity_Chroma_Hue.txt",16179.7686857015,0.239985310847554,0.185997797986912,0.155201608765219,0.418815282400315,0.232817484413402,-0.0847837020823343,0.247794617548911,5.93408672767355,339.998124760292,69.9981247602918,1.2221894799416,0.43925196092038,298.256718276608,0.00642809051637149,0.752205382451089,"Light","Blue","2020_02_12_31",1.53150902440215e-05,0.244939639,NA,NA
"./2020_02_14_03_Intensity_Chroma_Hue.txt",14544.6376476943,0.244815664684793,0.171996155727187,0.146161173574749,0.437027006013271,0.265030850286084,-0.098654491110043,0.282877225895603,5.92639854621298,339.55762441047,69.5576244104702,1.21449820399234,0.815605596155476,378.289705262881,0.0077856022568401,0.717122774104397,"Light","Blue","2020_02_14_03",1.94489015641065e-05,0.573934108,0.55,"Untreated"
"./2020_02_15_01_Intensity_Chroma_Hue.txt",16270.3209051444,0.251869370415961,0.179273851076573,0.149104574232689,0.419752204274777,0.240478353198204,-0.102764796183272,0.261570925028713,5.88026098163025,336.914136682868,66.9141366828678,1.16834206906595,0.773359510631901,582.011647518195,0.0143631726312921,0.738429074971287,"Light","Blue","2020_02_15_01",1.6076568283666e-05,0.278658666,NA,NA
"./2020_03_07_30_Intensity_Chroma_Hue.txt",15426.7024896908,0.210998991488217,0.114969062908163,0.210417817548862,0.463614128054758,0.348645065146596,-0.000581173939355006,0.348700016751665,4.71014220954642,269.871269513434,89.8712695134342,1.56918089626631,0.602941892246586,260.228531501122,0.0108090394024928,0.651299983248335,"Light","Red","2020_03_07_30",2.26036651050146e-05,0.791394659,0.82,"Untreated"
"./2020_03_09_04_Intensity_Chroma_Hue.txt",10173.3720176524,0.103130626402742,0.0341484688016044,0.161125156978243,0.70159574781741,0.667447279015806,0.0579945305755016,0.669972429759256,0.0865343550634197,4.95805332802048,94.9580533280205,1.65799775652099,0.192633403019623,215.573966666079,0.0122218390961049,0.330027570240744,"Dark","Red","2020_03_09_04",6.58554930063255e-05,0.840574012,NA,NA
"./2020_07_05_01_Intensity_Chroma_Hue.txt",15143.4559808357,0.200066178688144,0.118129426816977,0.208549534049559,0.47325486044532,0.355125433628342,0.008483355361415,0.355260898905501,0.0230188890306789,1.31888519053789,91.3188851905379,1.59445672554907,0.473100345657255,425.889252636533,0.0146022362725599,0.644739101094499,"Light","Red","2020_07_05_01",2.34596976644624e-05,0.28957257,NA,NA
"./2020_07_09_02_Intensity_Chroma_Hue.txt",7725.5670423156,0.0803780557171627,0.0361021398989027,0.146281878871097,0.737237925512838,0.701135785613935,0.0659038231539345,0.704284369975787,0.0937202287429062,5.36977356196919,95.3697735619692,1.66518652251057,0.450430334412681,243.324223289873,0.013446584095442,0.295715630024213,"Dark","Red","2020_07_09_02",9.11628060591771e-05,0.74185376,NA,NA
"./2020_08_01_30_Intensity_Chroma_Hue.txt",8294.51838032784,0.0754820978443345,0.0298889723587295,0.150611944687927,0.744016985109009,0.714128012750279,0.0751298468435928,0.718071172348805,0.104858105160376,6.00792687342851,96.0079268734285,1.67632888191701,0.0840719445770696,306.209287902668,0.0236215499728189,0.281928827651195,"Dark","Red","2020_08_01_30",8.65717742035341e-05,1.129692572,NA,NA
"./2020_08_11_40_Intensity_Chroma_Hue.txt",8575.59701660444,0.0737820854314616,0.0317807080883964,0.156552683962648,0.737884522517494,0.706103814429098,0.0827705985311863,0.710940658012562,0.116708670563539,6.68691425587352,96.6869142558735,1.68818421716605,0.0813365156489296,179.762043117397,0.00945748127104948,0.289059341987438,"Dark","Red","2020_08_11_40",8.29027596138214e-05,2.295777467,1.422540366,"Untreated"
"./2020_09_07_22_Intensity_Chroma_Hue.txt",11113.5740699497,0.225029626079574,0.113322069080109,0.111668598907204,0.549979705933113,0.436657636853003,-0.11336102717237,0.4511461267889,6.02905279413503,345.439279565494,75.4392795654938,1.31719377019116,0.266597865548679,160.066132658362,0.00684759888441434,0.5488538732111,"Dark","Blue","2020_09_07_22",4.05941530554752e-05,0.812935903,1.520823473,"Untreated"
"./2020_09_08_33_Intensity_Chroma_Hue.txt",8938.05385603531,0.182551251962245,0.0636420165852327,0.0933725114289783,0.660434220023544,0.596792203438311,-0.089178740533267,0.603502725312582,6.13423989329047,351.466056406324,81.4660564063246,1.42242320709456,0.571783920133448,207.720169155453,0.0141215737522588,0.396497274687418,"Dark","Blue","2020_09_08_33",6.75205962095511e-05,1.240116447,1.242022573,"Untreated"
"./2020_09_09_30_Intensity_Chroma_Hue.txt",15609.3629317187,0.243354070758605,0.172388676784845,0.141960508486621,0.442296743969929,0.269908067185084,-0.101393562271983,0.288362118741997,5.92281423908134,339.352258739349,69.3522587393488,1.21091245417911,0.559338842189211,624.647524215645,0.0125095823827403,0.711637881258003,"Light","Blue","2020_09_09_30",1.84736635315229e-05,0.607486992,NA,NA
"./2020_09_10_20_Intensity_Chroma_Hue.txt",14592.2760973593,0.210750390262601,0.116608191395645,0.203118902457219,0.469522515884535,0.35291432448889,-0.00763148780538228,0.353013467537969,6.2615493119728,358.760348789086,88.7603487890856,1.54978386774594,0.333232660307714,246.204194334098,0.00583258943038802,0.646986532462031,"Light","Red","2020_09_10_20",2.41918029224962e-05,0.427552682,NA,NA
"./2020_09_14_02_Intensity_Chroma_Hue.txt",10107.866184737,0.214879480890799,0.0866087052292989,0.0869408378742314,0.611570976005671,0.524962270776372,-0.127938643016567,0.540426149814864,6.04331005670427,346.256160538121,76.256160538121,1.33145677130053,0.662276207563255,317.355611687229,0.0147330134338981,0.459573850185136,"Dark","Blue","2020_09_14_02",5.34658987305266e-05,0.873752015,NA,NA
"./2020_09_16_01_Intensity_Chroma_Hue.txt",10050.9901863654,0.216523901080752,0.0880870370073778,0.111719242662812,0.583669819249058,0.49558278224168,-0.10480465841794,0.506629582055889,6.07401007045988,348.015141757311,78.0151417573109,1.36216914179432,0.632390706976594,220.711491400309,0.0130859829116154,0.493370417944111,"Dark","Blue","2020_09_16_01",5.04059373914379e-05,0.925990514,NA,NA
"./2020_09_19_39_Intensity_Chroma_Hue.txt",15105.7201365609,0.210068474628172,0.118276784090823,0.211890169830885,0.45976457145012,0.341487787359296,0.00182169520271297,0.341518542320469,2.09951199681736,120.293176454719,90.2931764547185,1.57654752539985,0.425473563477111,380.236111086139,0.0063827231171896,0.658481457679531,"Light","Red","2020_09_19_39",2.2608557502259e-05,0.691115229,NA,NA
"./680a_03_01_Intensity_Chroma_Hue.txt",7783.09257026759,0.0527882798053389,0.0231906668606131,0.157428253762843,0.766592799571205,0.743402132710592,0.104639973957504,0.750737700709749,0.139897701289408,8.01554784746495,98.015547847465,1.71138258146367,0.15047674164684,199.718424140368,0.00787524174541898,0.249262299290251,"Dark","Red","680a_03_01",9.64575063102375e-05,0.802605744,NA,NA
"./680a_06_09_Intensity_Chroma_Hue.txt",7017.5803179357,0.0348005849296694,0.0174743253445808,0.123664344028008,0.824060745697742,0.806586420353161,0.0888637590983382,0.811488262601998,0.109948455523151,6.29958246545841,96.2995824654584,1.68142128114292,0.248475999593068,188.454195317434,0.0165988060041788,0.188511737398002,"Dark","Red","680a_06_09",0.000115636476653923,1.428154712,NA,NA
"./680a_08_01_Intensity_Chroma_Hue.txt",7152.51018334198,0.0472878207555182,0.0307394111757722,0.145431202507969,0.77654156556074,0.745802154384968,0.098143381752451,0.752242111184665,0.130940961799538,7.50236447649728,97.5023644764973,1.70242223689122,0.180227483776784,160.787803425591,0.0111319851122081,0.247757888815335,"Dark","Red","680a_08_01",0.000105171763744793,1.189137215,0.62,"Untreated"
"./680a_10_01_Intensity_Chroma_Hue.txt",9068.29876273576,0.0958699060145874,0.0435213592515405,0.17536336821477,0.685245366519102,0.641724007267562,0.0794934622001824,0.646653890005307,0.123128621789198,7.05475036578357,97.0547503657836,1.69460675241844,0.304036744952469,253.845449411483,0.0182020709325392,0.353346109994693,"Dark","Red","680a_10_01",7.13092837945076e-05,0.901780695,0.88,"Untreated"
"./680a_12_02_Intensity_Chroma_Hue.txt",8341.51182832024,0.0675698866195673,0.0291537603662952,0.16485176957852,0.738424583435617,0.709270823069322,0.0972818829589531,0.715916727660108,0.136326049850246,7.8109072941092,97.8109072941092,1.70780949243683,0.135502224903041,101.450355780224,0.00598173975973754,0.284083272339892,"Dark","Red","680a_12_02",8.58257762375282e-05,0.616725282,0.68,"Untreated"
"./DB02_Silenced_Intensity_Chroma_Hue.txt",9931.05372408648,0.24084029321118,0.11520169616236,0.113272224271281,0.53068578635518,0.41548409019282,-0.127568068939898,0.434993092461107,5.98166985969232,342.724437400981,72.724437400981,1.26979176414411,1.40209501737442,605.345832083196,0.0244562692091645,0.565006907538893,"Myb1_Silenced","Blue","DB02",4.38013029177446e-05,0.318230487,NA,NA
"./DB02_Unsilenced_Intensity_Chroma_Hue.txt",8246.37654916798,0.20682343428324,0.0724949410763144,0.0956012526654831,0.625080371974963,0.552585430898648,-0.111222181617757,0.563716823447172,6.08426384853905,348.602639965311,78.6026399653111,1.37242704701337,0.456060237003396,295.05499212259,0.00965980311463799,0.436283176552828,"Myb1_Unsilenced","Blue","DB02",6.83593357744558e-05,0.73924759,NA,NA
"./DB03_Silenced_Intensity_Chroma_Hue.txt",10685.3247820322,0.22719057727228,0.108560535620781,0.120620772224307,0.543628114882632,0.435067579261851,-0.106569805047972,0.448304098571521,6.03819000525751,345.962803199332,75.9628031993314,1.32633465903594,1.47383412453141,950.320487556481,0.0364451884663654,0.551695901428479,"Myb1_Silenced","Blue","DB03",4.19551214133763e-05,0.068185399,NA,NA
"./DB03_Unsilenced_Intensity_Chroma_Hue.txt",9159.22020718193,0.197985620960854,0.0733749991348723,0.112254022657685,0.616385357246588,0.543010358111716,-0.0857315983031692,0.549791303217179,6.1258740622284,350.986729594349,80.9867295943486,1.41405400879021,0.485385759801242,221.999371275581,0.0219992572422822,0.450208696782821,"Myb1_Unsilenced","Blue","DB03",6.0025994656846e-05,0.622677207,NA,NA
"./DB04_Silenced_Intensity_Chroma_Hue.txt",10776.6595687661,0.222140710921863,0.0982677784752019,0.116510578268743,0.563080932334193,0.464813153858991,-0.10563013265312,0.47671796500089,6.05955238449836,347.18677737019,77.1867773701901,1.34770563662237,0.515105181004507,320.872235518497,0.0121106216950277,0.52328203499911,"Myb1_Silenced","Blue","DB04",4.4236153323666e-05,0.198014239,NA,NA
"./DB04_Unsilenced_Intensity_Chroma_Hue.txt",8472.90873983395,0.155869867704117,0.0490753804487134,0.0979175404982341,0.697137211348935,0.648061830900222,-0.0579523272058829,0.650692077134479,6.19391351503731,354.885103080678,84.8851030806784,1.48212084744042,0.398641592605168,168.227670236066,0.0215272713647049,0.349307922865521,"Myb1_Unsilenced","Blue","DB04",7.67967763036748e-05,0.547330297,NA,NA
"./DB06_Silenced_Intensity_Chroma_Hue.txt",13028.4681158568,0.24195654323872,0.127365894530156,0.125688468132793,0.504989094098331,0.377623199568175,-0.116268075105927,0.395324039737352,5.98362122863304,342.836242605558,72.8362426055577,1.27174391850974,1.11547237713408,627.027157148084,0.0146684656708597,0.604675960262648,"Myb1_Silenced","Blue","DB06",3.03430945389664e-05,0.514020695,NA,NA
"./DB06_Unsilenced_Intensity_Chroma_Hue.txt",9193.02336495143,0.201737358409268,0.0795143129684164,0.104323166105194,0.614425162517121,0.534910849548705,-0.0974141923040742,0.543754439098522,6.10277766198078,349.663403338215,79.6634033382147,1.39094831225454,0.431706348502816,388.023226768128,0.00961846560224792,0.456245560901478,"Myb1_Unsilenced","Blue","DB06",5.91485975301222e-05,0.806873574,NA,NA
"./DB07_Silenced_Intensity_Chroma_Hue.txt",13674.1930505788,0.24064289643091,0.148292066814734,0.130010544141792,0.481054492612564,0.332762425797829,-0.110632352289119,0.350710177549153,5.96181158250162,341.586641929553,71.5866419295532,1.24992549400807,0.513851056252588,466.995049494512,0.00926047119062063,0.649289822450847,"Myb1_Silenced","Blue","DB07",2.56475958948311e-05,0.409457246,NA,NA
"./DB07_Unsilenced_Intensity_Chroma_Hue.txt",10269.5562632479,0.209022825583012,0.0746471277974861,0.100800314906983,0.615529731712519,0.540882603915033,-0.108222510676029,0.551639484838572,6.08540024548075,348.667750713922,78.667750713922,1.37356390135419,0.395162423466486,362.866429232291,0.0147228055762726,0.448360515161428,"Myb1_Unsilenced","Blue","DB07",5.37160000586147e-05,0.965933335,NA,NA
"./DB08_Silenced_Intensity_Chroma_Hue.txt",11509.202474761,0.25956402897219,0.136147792115531,0.11860286896027,0.485685309952009,0.349537517836477,-0.140961160011919,0.37732381557766,5.90102911777422,338.104063232271,68.1040632322706,1.18911856437298,1.71246766313778,768.131480053268,0.0260721076446341,0.62267618442234,"Myb1_Silenced","Blue","DB08",3.27845318913372e-05,0.318418673,NA,NA
"./DB08_Unsilenced_Intensity_Chroma_Hue.txt",9232.53594261851,0.20582826129558,0.075500842254545,0.101473664543842,0.617197231906032,0.541696389651487,-0.104354596751737,0.551800976099275,6.09184009144168,349.036726708198,79.0367267081979,1.38000633934949,0.760881660233146,346.674454461148,0.0150675147149615,0.448199023900725,"Myb1_Unsilenced","Blue","DB08",5.97670000451441e-05,0.964174802,NA,NA
"./DB12_Silenced_Intensity_Chroma_Hue.txt",14030.3715505764,0.248152782574637,0.135200694008557,0.13527066458246,0.481375858834345,0.346175164825788,-0.112882117992176,0.364143989107303,5.96769039902968,341.923473305143,71.9234733051429,1.25580667675646,0.442631391596626,805.874945496229,0.0135924618877413,0.635856010892697,"Myb1_Silenced","Blue","DB12",2.59539804626445e-05,0.50307666,NA,NA
"./DB12_Unsilenced_Intensity_Chroma_Hue.txt",9325.71556597806,0.203734401182602,0.0772619722962989,0.108796390699748,0.61020723582135,0.532945263525052,-0.094938010482854,0.541446567289206,6.10657893007814,349.881199956991,79.8811999569912,1.39475111036016,0.696022956465315,330.972565115649,0.0147878509204327,0.458553432710794,"Myb1_Unsilenced","Blue","DB12",5.80595197718129e-05,1.515016235,NA,NA
"./DB13_Silenced_Intensity_Chroma_Hue.txt",12208.1110440912,0.24145081685135,0.133982285964798,0.125667389980604,0.498899507203248,0.364917221238449,-0.115783426870746,0.382985172243831,5.97550993663288,342.37149980755,72.37149980755,1.26362936171913,0.960632850573648,437.258209329654,0.0150291172375327,0.617014827756169,"Myb1_Silenced","Blue","DB13",3.13713703013209e-05,0.159281596,NA,NA
"./DB13_Unsilenced_Intensity_Chroma_Hue.txt",10629.9805089037,0.213499156504419,0.0762253473445147,0.111421010719056,0.598854485432011,0.522629138087496,-0.102078145785363,0.532531079611208,6.09020027127823,348.942771933672,78.9427719336718,1.37836585915935,0.345163181237768,298.279331848832,0.00890606274977197,0.467468920388792,"Myb1_Unsilenced","Blue","DB13",5.0097088998908e-05,0.667622879,NA,NA
"./DR01_Silenced_Intensity_Chroma_Hue.txt",10209.1114665748,0.144795836591755,0.0616723196157087,0.184574801462555,0.608957042329981,0.547284722714273,0.0397789648708012,0.548749875820415,0.0725620075196527,4.15749678387264,94.1574967838726,1.64401978511524,0.323028786989975,359.418321248941,0.0138337438504378,0.451250124179585,"Myb1_Silenced","Red","DR01",5.37509926908969e-05,0.565653922,NA,NA
"./DR01_Unsilenced_Intensity_Chroma_Hue.txt",9298.50394838153,0.096077407913747,0.040759098970219,0.162747699325685,0.700415793790349,0.65965669482013,0.0666702914119378,0.663036117085417,0.100502924446232,5.75839339949129,95.7583933994913,1.67197194824509,0.262149978708089,334.974680504132,0.0206505496733577,0.336963882914583,"Myb1_Unsilenced","Red","DR01",7.13056767804914e-05,1.700016134,NA,NA
"./DR02_Silenced_Intensity_Chroma_Hue.txt",12641.5188084952,0.15368521355644,0.0720820014469805,0.204849876707697,0.569382908288882,0.497300906841902,0.0511646631512569,0.499954700958777,0.102250241295346,5.8585072804176,95.8585072804176,1.67371996838824,0.368133081727015,381.783868655163,0.0127417795600468,0.500045299041223,"Myb1_Silenced","Red","DR02",3.95486261210008e-05,0.306839836,NA,NA
"./DR02_Unsilenced_Intensity_Chroma_Hue.txt",7974.16306037465,0.0651795096571354,0.0296011548517719,0.155947950856397,0.749271384634695,0.719670229782923,0.0907684411992619,0.725379790273337,0.125556260615509,7.19384382471328,97.1938438247133,1.69703536836801,0.163344490122403,243.804706273381,0.0157047630880007,0.274620209726663,"Myb1_Unsilenced","Red","DR02",9.09662600051292e-05,0.829935894,NA,NA
"./DR04_Silenced_Intensity_Chroma_Hue.txt",10613.3528909359,0.158054058856798,0.073102478783644,0.194065218106852,0.574778244252706,0.501675765469062,0.036011159250054,0.502974557068719,0.0715899485627935,4.10180190820672,94.1018019082067,1.6430473349052,0.196317045417883,282.167392609759,0.0149535786016964,0.497025442931281,"Myb1_Silenced","Red","DR04",4.7390731490543e-05,0.31105996,NA,NA
"./DR04_Unsilenced_Intensity_Chroma_Hue.txt",7513.4391324314,0.0770680421492703,0.0326790756749177,0.154503430731745,0.735749451444067,0.703070375769149,0.0774353885824747,0.707328362245969,0.109723818597025,6.28671171766857,96.2867117176686,1.68119655380056,0.148132192147252,228.920844767012,0.0151811530866616,0.292671637754031,"Myb1_Unsilenced","Red","DR04",9.41417571605552e-05,1.465100412,NA,NA
"./DR07_Silenced_Intensity_Chroma_Hue.txt",13112.4918294969,0.195345211128788,0.0911379472860931,0.20877430800956,0.504742533575559,0.413604586289466,0.0134290968807711,0.413866574990739,0.0326399360075586,1.8701305768102,91.8701305768102,1.60408164499192,0.49823641532532,610.807929577464,0.0109927233490119,0.586133425009261,"Myb1_Silenced","Red","DR07",3.15627708579186e-05,0.334351764,NA,NA
"./DR07_Unsilenced_Intensity_Chroma_Hue.txt",8108.19933453449,0.0735067125377562,0.0255587386244955,0.148341841320159,0.752592707517589,0.727033968893093,0.0748351287824032,0.730886587736347,0.102558941207125,5.8761944824986,95.8761944824986,1.67402879255156,0.191597802214378,253.554563023751,0.00999593891012457,0.269113412263653,"Myb1_Unsilenced","Red","DR07",9.01416649469077e-05,1.750088555,NA,NA
"./DR08_Silenced_Intensity_Chroma_Hue.txt",12159.4583992387,0.168630842344758,0.083432961278663,0.195257865420783,0.552678330955796,0.469245369677133,0.0266270230760245,0.470034230293703,0.0558956500312708,3.20258483993211,93.2025848399321,1.62734671942739,0.425997808607481,1015.19366082465,0.0323855606339727,0.529965769706297,"Myb1_Silenced","Blue","DR08",3.86558524944771e-05,0.384158427,NA,NA
"./DR08_Unsilenced_Intensity_Chroma_Hue.txt",7630.17857087176,0.0833424292091769,0.0409349332846545,0.153494183416478,0.72222845408969,0.681293520805036,0.0701517542073016,0.684922518019012,0.102346958701848,5.86404877961562,95.8640487796156,1.67381672472345,0.304891403895506,332.58868586725,0.0198206247085677,0.315077481980988,"Myb1_Unsilenced","Blue","DR08",8.97649395302105e-05,0.512800447,NA,NA
"./DR09_Silenced_Intensity_Chroma_Hue.txt",10415.5301944199,0.134873544365638,0.0457608648168313,0.190337176595837,0.629028414221694,0.583267549404863,0.0554636322301987,0.585923431128448,0.0945003987334565,5.41447400973049,95.4144740097305,1.6659670065191,0.319280054399063,236.792183547022,0.0195090043510312,0.414076568871552,"Myb1_Silenced","Red","DR09",5.62547868607166e-05,0.549751021,NA,NA
"./DR09_Unsilenced_Intensity_Chroma_Hue.txt",7070.08523002363,0.0478607740012636,0.0224605168480105,0.135615609916527,0.794063099234199,0.771602582386188,0.0877548359152635,0.776600909163613,0.113376754755489,6.49600954237931,96.4960095423793,1.68485096026377,0.27216905875328,406.462379271601,0.0115422863934708,0.223399090836387,"Myb1_Unsilenced","Red","DR09",0.00010984321742908,1.322694952,NA,NA
"./DR10_Silenced_Intensity_Chroma_Hue.txt",10663.35900946,0.161742014097532,0.0654377764908328,0.174324280315548,0.598495929096086,0.533058152605254,0.0125822662180159,0.53334150286309,1.59451853734226,91.3591825450846,91.3591825450847,1.59516033015227,0.780564402693962,316.065207525431,0.0260262895453809,0.46665849713691,"Myb1_Silenced","Red","DR10",5.00162755835131e-05,0.069890375,NA,NA
"./DR10_Unsilenced_Intensity_Chroma_Hue.txt",7753.34877087264,0.0543327438249724,0.016115284238413,0.121369574972087,0.808182396964528,0.792067112726115,0.0670368311471143,0.794906132244261,0.0844596353178867,4.83918064292897,94.839180642929,1.65592220170193,0.14751376095089,316.433689903966,0.00837807387075821,0.205093867755739,"Myb1_Unsilenced","Red","DR10",0.000102524232526534,0.826068217,NA,NA
"./DR12_Silenced_Intensity_Chroma_Hue.txt",11352.1477581705,0.161080614540284,0.0551958513902809,0.203111049464285,0.580612484605149,0.525416633214868,0.0420304349240006,0.527499472447736,0.0765171989685306,4.38411256105958,94.3841125610596,1.64797656852644,1.35838730641864,563.406075562307,0.0284677501817459,0.472500527552264,"Myb1_Silenced","Red","DR12",4.64669315168205e-05,0.541114599,NA,NA
"./DR12_Unsilenced_Intensity_Chroma_Hue.txt",7460.94080857421,0.0464549958038329,0.0256475351390783,0.12910153509235,0.798795933964739,0.773148398825661,0.0826465392885167,0.777592702420004,0.106862377665054,6.12276322894069,96.1227632289407,1.67833396114023,0.347759817026421,386.318388371779,0.021106746563768,0.222407297579996,"Myb1_Unsilenced","Red","DR12",0.000104221802902709,1.237583281,NA,NA
"./DR13_Silenced_Intensity_Chroma_Hue.txt",13995.6159186282,0.189089849896213,0.109737637195959,0.213053441716827,0.488119071191001,0.378381433995042,0.0239635918206132,0.37919061975981,0.0632015728925157,3.62118338532958,93.6211833853296,1.63465558291845,0.555243215972247,809.707852756099,0.0239263370377621,0.62080938024019,"Myb1_Silenced","Red","DR13",2.70935285709795e-05,0.41925941,NA,NA
"./DR13_Unsilenced_Intensity_Chroma_Hue.txt",8696.57103850554,0.0881615402151859,0.033972626934031,0.152422018005607,0.725443814845177,0.691471187911146,0.0642604777904206,0.694468019917038,0.0924986651122439,5.29978312152557,95.2997831215256,1.66396446720124,0.24402743205012,464.460594395592,0.0144659900790829,0.305531980082962,"Myb1_Unsilenced","Red","DR13",7.98553840176966e-05,1.470928358,NA,NA
"./DR14_Silenced_Intensity_Chroma_Hue.txt",9887.49156739857,0.138664160306763,0.0477349843646668,0.179980992760803,0.633619862567766,0.5858848782031,0.0413168324540399,0.587345360881931,0.0703698135727032,4.03189332283831,94.0318933228383,1.64182670881146,0.148058025141635,316.867552945088,0.00964783899051019,0.412654639118069,"Myb1_Silenced","Red","DR14",5.94028684503306e-05,0.444447563,NA,NA
"./DR14_Unsilenced_Intensity_Chroma_Hue.txt",9389.02588508934,0.0977711357283643,0.0357681310559888,0.167469408509799,0.698991324705848,0.663223193649859,0.0696982727814344,0.666880483860031,0.104574125344338,5.99165602850263,95.9916560285026,1.67604478779925,0.134514010280215,521.581060697507,0.0186634514013305,0.333119516139969,"Myb1_Unsilenced","Red","DR14",7.10276542020297e-05,0.958918387,NA,NA
"./DR15_Silenced_Intensity_Chroma_Hue.txt",13103.901731635,0.189553413830238,0.0837494534937215,0.213599630159619,0.513097502516421,0.4293480490227,0.0240462163293805,0.430039126166724,0.0556387323327058,3.18786454012212,93.1878645401221,1.62708969831959,0.31767991361004,460.476697727189,0.012500443815452,0.569960873833276,"Myb1_Silenced","Red","DR15",3.28176397361512e-05,0.329035923,NA,NA
"./DR15_Unsilenced_Intensity_Chroma_Hue.txt",7972.20390028743,0.0595317561067115,0.0247351719549787,0.152339882478126,0.763393189460184,0.738658017505205,0.0928081263714147,0.744469175639266,0.125054167314687,7.16507599765442,97.1650759976544,1.69653307297492,0.106021820486443,356.144308274749,0.0125022571149798,0.255530824360734,"Myb1_Unsilenced","Red","DR15",9.33831077266381e-05,1.434418822,NA,NA
"./DR16_Silenced_Intensity_Chroma_Hue.txt",9669.4117824451,0.140940113371047,0.0614649497459971,0.191028192150069,0.606566744732886,0.545101794986889,0.0500880787790221,0.547451873748855,0.091117579911499,5.2206527683749,95.2206527683749,1.66258282611448,0.489876288437532,282.643583085352,0.0164680638240696,0.452548126251145,"Myb1_Silenced","Red","DR16",5.66168745386103e-05,0.119347608,NA,NA
"./DR16_Unsilenced_Intensity_Chroma_Hue.txt",7928.05677447441,0.0732465817946665,0.0349024111823275,0.158484377613376,0.73336662940963,0.698464218227302,0.0852377958187096,0.703663223319648,0.121700349759704,6.97291640649699,96.972916406497,1.69317790551026,0.239342212325747,337.905187665708,0.0195892825211973,0.296336776680352,"Myb1_Unsilenced","Red","DR16",8.8756077729564e-05,1.2570648,NA,NA
"./PDS01_Silenced_Intensity_Chroma_Hue.txt",7631.54968770781,0.202356484193833,0.0826265271285786,0.106223409321726,0.608793579355862,0.526167052227284,-0.0961330748721074,0.534920586388584,6.1021711691842,349.628653860666,79.6286538606657,1.39034157534496,0.434815013577331,316.87922474677,0.0192703150727168,0.465079413611416,"PDS_Silenced","Blue","PDS01",7.00933110938377e-05,1.176941936,0.4,"PDS_Silenced"
"./PDS02_Silenced_Intensity_Chroma_Hue.txt",8188.7940733758,0.223043255618057,0.091268766151933,0.101614889059345,0.584073089170665,0.492804323018732,-0.121428366558712,0.507878826011395,6.03930981866709,346.026963781543,76.026963781543,1.3274549231698,1.22066645841081,436.078978507881,0.0227216662760945,0.492121173988605,"PDS_Silenced","Blue","PDS02",6.20211989043246e-05,1.203524843,0.51,"PDS_Silenced"
"./PDS04_Silenced_Intensity_Chroma_Hue.txt",8051.60246861873,0.0650965109129998,0.0310893851786759,0.164707880144909,0.739106223763415,0.70801683858474,0.099611369231909,0.715031950390502,0.140294058972861,8.03825746990442,98.0382574699044,1.71177909868087,0.371803790981207,524.66190914353,0.028015369551068,0.284968049609498,"PDS_Silenced","Red","PDS04",8.88061666205396e-05,1.45889648,0.6,"PDS_Silenced"
"./PDS08_Silenced_Intensity_Chroma_Hue.txt",8314.73300620275,0.06249441910059,0.0220737909473154,0.162270067465316,0.753161722486778,0.731087931539463,0.0997756483647262,0.737878467371542,0.135731648726371,7.77685061837329,97.7768506183733,1.70721485206684,0.208270586363488,168.422840939229,0.00846658994948503,0.262121532628458,"PDS_Silenced","Red","PDS08",8.87434950492202e-05,1.855608049,0.66,"PDS_Silenced"
"./PDS09_Silenced_Intensity_Chroma_Hue.txt",6688.25470319034,0.0480766950802238,0.0297350547993326,0.144356162303761,0.777832087816682,0.74809703301735,0.0962794672235373,0.75433773309848,0.128438105666118,7.35896138332386,97.3589613833239,1.69991837335962,0.473503887280329,376.674576367567,0.0235770364006366,0.24566226690152,"PDS_Silenced","Red","PDS09",0.000112785437543019,1.681387225,0.533234719,"PDS_Silenced"
"./PDS10_Silenced_Intensity_Chroma_Hue.txt",6449.99703693136,0.0447031896916874,0.0284519802485011,0.130898253369559,0.795946576690252,0.767494596441751,0.0861950636778719,0.772359718129664,0.112008092165267,6.41759095238213,96.4175909523822,1.68348174678763,0.352250772253522,282.175339794296,0.0126623560032024,0.227640281870336,"PDS_Silenced","Red","PDS10",0.000119745747743339,1.21808655,0.3,"PDS_Silenced"
"./PDS13_Silenced_Intensity_Chroma_Hue.txt",7753.75014241006,0.062917988693385,0.0327969624518698,0.15905034665848,0.745234702196265,0.712437739744395,0.0961323579650953,0.718900535447851,0.134146869630407,7.68604946471401,97.686049464714,1.70562943509818,0.143850470767101,159.692729299454,0.00938427904581717,0.281099464552149,"PDS_Silenced","Red","PDS13",9.27164948888073e-05,0.764662874,0.53,"PDS_Silenced"
"./PDS17_Silenced_Intensity_Chroma_Hue.txt",7112.85836178489,0.0551227932201818,0.0323766058689089,0.148385751049671,0.764114849861238,0.73173824399233,0.0932629578294892,0.737694272537114,0.126744532302965,7.26192677731944,97.2619267773194,1.69822411833415,0.344064514715363,385.091348433611,0.0214244078282649,0.262305727462886,"PDS_Silenced","Red","PDS17",0.000103712774107876,1.756929589,0.412472555,"PDS_Silenced"
"./PDS18_Silenced_Intensity_Chroma_Hue.txt",7036.11089244827,0.0465393098675697,0.0314553896210953,0.143852086961664,0.778153213549671,0.746697823928576,0.097312777094094,0.753061526379881,0.129911820319545,7.44339901317182,97.4433990131718,1.70139268118237,0.40042933195181,343.737122034863,0.0168108438688958,0.246938473620119,"PDS_Silenced","Red","PDS18",0.000107028092349728,0.80865584,0.595625388,"PDS_Silenced"
"./PDS24_Silenced_Intensity_Chroma_Hue.txt",7537.45307700379,0.0414275608308052,0.0251915726363595,0.133907508579955,0.79947335795288,0.774281785316521,0.0924799477491496,0.779830397647316,0.119250987712628,6.83257829870003,96.8325782987,1.69072755759635,0.368738843397689,345.503052915801,0.0182333792091823,0.220169602352684,"PDS_Silenced","Red","PDS24",0.000103460729994661,0.990086502,0.200717679,"PDS_Silenced"
